annotation_id,review_id,cleaned_review_text,rating,human_label,notes
1,2b7823b8ec21ac7cc90b1fe14d2a3bc0850771a2c734aa0ee209b8958f35fb3a,"After the second use the right earbud stopped working 😩 Up until then the sound quality was decent, as for the battery life I was not given the opportunity to go through a full charge cycle 😩",1.0,FUNCTIONALITY,
2,d6ce1822c7140a402ab39faae61789716768e1b531784b173dee43b905cba8ed,The right ear bud stopped working less than a month using.,1.0,FUNCTIONALITY,
3,b00a817831bdea1e0b47ff417b5c8453c2e29a43e9cb69dcfa2a8c323719aba4,"I loved the sound coming from these phones but I have strangely shaped ear canals and, despite trying several different size buds, I couldn't get them to stay in my ears. Reluctantly, I returned them.",3.0,FIT_COMPATIBILITY,
4,1fe5c401709a56fc689debb3a46d370ed6c01aa5046095bde003de95a33acf3a,Wasn't working good like I want I can't pair it whith my iPad and the fm radio doesn't work too,1.0,FUNCTIONALITY,
5,73afb1ad68afa0940eb5b9f9a93985b5e8198b1b079c15b43abcfa86e5b5096c,These headphones are comfortable for my toddler. They’re no too loud. The sound quality is perfect!,5.0,NO_COMPLAINT,
6,be6e5c9e51c3b310045603920993e52ce64ed663c05bc6ce546fad6d0871328c,Sound goes in and out. Can’t listen to music because of losing sound. No matter what phone I use the problem never goes away. Little or no instructions on troubleshooting. I recommend you spend your money on something else.,1.0,FUNCTIONALITY,
7,a4bd743b9272db0a128b450ce6fa0c59b8d5dadd127f4587940418574f15db61,This is my second pair that arrived broken . Will be returning them both .,5.0,SHIPPING,
8,e5a784608c41e858b73298ada9eb6c28d89b4be520b55a80ceb6b3470eee16ac,Arrived broken. No sound from right earbud... :/,1.0,SHIPPING,
9,d832e7143694a1b94c34941a38e3146eb5f25b43ccc3e254b958a64ba4405cf3,After 46 days an earpiece fell apart in my hands. Amazon refused to warranty,1.0,BUILD_QUALITY,
10,8b7978f3c481cdb784ac37c980f032f5719afdab699b516c04ae7b276d8db9f8,Nice But they keep falling out of my ear,4.0,FIT_COMPATIBILITY,
11,5ac613b1734b784a973ac2d919a5fcf1c08bcc327e2f385a514d2797f292aa32,"I loved these when they first came, but in about a month they broke in half, then about a month later the sound stopped working.",2.0,BUILD_QUALITY,
12,2bd3394e68dfd7f3b10480ebf1fbe1aba6341d9e9b2152ed72ddaca42a409ce4,It arrived broken and with only one side working inside of an undamaged package. A complete and total waste of money.,1.0,SHIPPING,
13,6a9ce664a6fcc74b358753ee10599570bd919d316303b4056d092bee48bd693c,"The sound quality is okay, but the ear pads are too small. If you wear them for a while it makes your ears hurt and that's the drawback. The size is really made for kids, not adults.",2.0,FIT_COMPATIBILITY,
14,078938518f1f2e96988cdb0e837b102eed073b81352e217cf20d66563fcf08db,[[VIDEOID:ac3dc003f47c544085f12882c2b79707]] The pigment is very vibrant and a little goes a long way. The scooper included was great as well.,5.0,NO_COMPLAINT,
15,256707d1f1f8bbeb183e21a29d8a7609212699b4b1aca91b3c441cc59c0a425c,"These head phones are too small for the average adult, and they are built like a piece of junk. They didn't last one week.",1.0,FIT_COMPATIBILITY,
16,292909f2877329e07088cb87fc7cf2c3750935660f12fb6ddc633af646a702c9,"Works great. Took me a while to figure out how to put it on due to the ear pieces being labeled opposite ear, so that was slightly frustrating. Range is good. Connects easily with my phone. Would’ve gotten 5 stars if it wasn’t for the initial frustration.",4.0,USABILITY_SETUP,
17,8cf8079d9419e3aa361788bf31279cc3e0713b943e88ee8f7d4d4581f74e8a83,It earned 2 stars because it's super cute and my daughter loves it and the bluetooth works well. 2 stars because it fell apart only after 6 months and my daughter is super careful with her things. The warranty card in the box says it runs 1 year but the company says only 3 months. And if it breaks the company will maybe repair it? Too much hassle and disappointment for headphones that are pricey.,2.0,BUILD_QUALITY,
18,4fdb118ba10e84537f82f0933aa383b37b675236a9a8563548f990a247f800c2,Comfy and works great,5.0,NO_COMPLAINT,
19,640a822dfd0b0b4db5fedd7e1a6a27261ba57bd1792b57179554e7f46a916572,"I chose this device because I work outside and needed hands free calling capabilities. I use it with a iPhone 3GS and it hooked up quickly no problem. The battery will out outlast my phone and I rarely need to charge it. Works for music and pandora and phone calls. I dive a newer prius with bluetooth and sometimes I forget that I'm still wearing the unit and when I turn on my car it automatically switches to the car bluetooth feature which is nice. I also have a att liberate mifi and it takes the same charger so I usually charge it on the way to to work when it needs it. One charger makes it convenient. My only concern is NOT about how the unit functions which has noise canceling and works great, is the warning paper that this unit can cause cancer or something to that effect. It does lay around the neck next to your thyroid but I am not sure if they the manufacture have to have this ""written insurance"" for themselves because it is an electronic that lies directly on the skin or if it in fact at some point caused issues with consumers. This is the only reason I didn't give 5 stars. You will people wondering what you are wearing because it looks like headphones on initial glance. I've had people think I'm talking to myself when the unit is hidden in the collar of my jacket and under a hoodie, so beware of staring. Most people don't talk while they are wearing headphones... Get the idea of what it looks like to other people in case you are concerned with that. It also has a very nice glowing blue ring when you are talking. I think the white is more obvious than the black color, so if you want to be low key, go with black. I have used this unit weekly for almost a year without fail.",4.0,OTHER,
20,618158c401820894d30e5b0923da0b94018a1388eec95b02d292c9443675372b,"Love these head phones the only issue is there are no instructions, well there is a sheet of paper, it says which button does what but blue tooth is not mentioned. Had to do a lot of trial and error before giving it to my son who figured it out. A simple sheet os real instructions would have saved a lot of frustration",4.0,USABILITY_SETUP,
21,5711e1e90f8d0596529cdab71acea963f093aa80d3b31347e666876be7c333ba,Fell apart the 1st day using it. Returned it immediately!,1.0,BUILD_QUALITY,
22,d6924efa5e116eec861ca962399ab5dfd41be9bf1394ba2c9059c3fd009fa47b,Excellent sound quality. The ball the buds are stored in is “fierce yet adorable”. My 8 year old freaked out when she got her own ear buds. She knows how to tap to pause or change the volume and loves having her own special pair. I highly recommend.,5.0,NO_COMPLAINT,
23,332f316b12730f6580bda15f91eb26c38e9c6ef6f4e4e3d2c9017d453dd9f3f2,"Great sound for the price. If I could I'd go 4.5 stars, only issue is they can get a little uncomfortable if I'm moving around a lot and wear them for a long period of time because of the way the little stabilizing arm piece juts out sits in your ear. Otherwise, love them. I had a more expensive pair of Bose in ear buds that eventually fell apart, and I'd say these were about 80% as good for 1/3 the price.",4.0,FIT_COMPATIBILITY,
24,944bd85be8d466bc12f5442b34339ec68c5f6861cac86b79f0ae5192b5945f83,"I just received, it's a Christmas gift. The generic white box and no instructions, looked like something you would have gotten from Wish. I am too embarrassed to even give it as a gift.",1.0,SHIPPING,
25,ecc58560b2658713d4db8ff853dc31cb2edb4b3cfea29c21494668cd72438a74,"the earbuds are fare in quality, and was a bit disappointed with the packaging. They arrived in in a leather pouch no instructions or any warrenty information. However for 40 bucks what should you expect.",3.0,SHIPPING,
26,291458dc5effaf6ec9d126d8767d8bef8c93150e0c94f720938f08c10f2a745d,con- you have to slide out 1 headphne at a time - noise cancellation is a lie Pros- fast charge time - does not hurt the ears - can charge with razer 2 cord - easy connect to bluetooth - just put in charger when you no longer need bluetooth to disconnect it * bonus- bluetooth sees it as airbuds u for those who care,5.0,FUNCTIONALITY,
27,d6ee85b756fe5282440f54e22cabb0d5edbda0bcf6e37445d30676d712972c88,"Great product, very comfortable to use with good sound quality and mic",5.0,NO_COMPLAINT,
28,d21d3f58340734ed5d3311ee4d6288cc302657d4851285bdfe7864c26dfd9354,Love them,5.0,NO_COMPLAINT,
29,4f9f2ae0c7bb91dedd52a0c47d2b96fb858e0eb15f1850644f2888bc8e11abd9,Just Sweeeettt!,5.0,NO_COMPLAINT,
30,d74eefc2279a07e98aad28a7a96899ba54e556ff7760286d081f49435354e591,A clip is missing for fixing the extra long phone cord for running,3.0,SHIPPING,
31,5759882d8650cf9283e30d6333eb4f433c6e80bd63db05ab4bea14739c946824,"Cable arrived broken, too much of a hassle to return for the price.",1.0,SHIPPING,
32,fae585af907a8b4faadff33d9a65c40fd761afae209f3d9fd956d647c4ede860,"The sound is good, but the earpiece literally fell apart only after three months. The company stands behind their product and offers a one year warranty, so they replaced the item at no extra cost! As long as this one lasts, I would highly recommend it.",5.0,BUILD_QUALITY,
33,06af396c9bc35af6dbd4a769d0509d042d738bffd9fff54515d9959048f2401d,It did seem too good to be true in the first place - 4+ rating for $21 bluetooth buds (€20 at Amazon.de)? But I decided to give it a try. And so in 1 month and 1 week of very delicate use (not for a single workout) they just fell apart. You get what you pay for ).,1.0,BUILD_QUALITY,
34,a80bdc3278b02c9b3e2ea054ee7efc80a154ded4f1de72c1fe764157f2ffc432,"I was extremely disappointed when these fell apart a year after buying them. I have owned an over the ear product of theirs since 2011 and was a fan. These worked well, but within 6 months the gray mesh on the back of each had fallen off and last week the casing fell off the right earbud exposing the wire which frayed and now doesn't work. These pieces are simply glued together and normal stress caused them to come apart. For this price point, I was hoping to have these for a while. My search for quality earbuds that last continues.",2.0,BUILD_QUALITY,
35,1540666953f8e73cddffd77c827e994182dbc2599663bdf090fc612afb60b779,"Arrived broken. One of the two earbuds never worked, straight out of the box.",1.0,SHIPPING,
36,6dbd28a9f073507388c162e34fad831413a9217721df6eb5ed481d490a91fce2,"I'd have to say I look at the avg or 3 star reviews and that gave me confidence to make this purchase and I'm very happy with them. The volume was spectacular, although I havent tested from other rooms, but for where i plan on using it, it works perfectly. Setup was easy just put the TV on mute and you're gd to go. Very comfortable as well and earphone covered my ears perfectly to give me the perfect base. For the cost and ease of use, I'd say buy them. They also have a youtube video to answer all the issues raised via the review section here, so it shows they care as a company, about their product and you as a customer.",4.0,NO_COMPLAINT,
37,5dd6918a06b53ca038e9a0f392f86eaf70220153ff867536348cfb4db1576713,UPDATE: After I posted my review the company contacted me and offered a replacement. I then dropped the ball but once I finally got around to contacting them back they replaced the faulty earbuds in a jiffy. So far the new ones are working fine. GREAT customer service. Delivered July 19...only used 2-3 times per week for an hour at a time....stopped working Sept 4. Middle button no longer responds to the touch.,4.0,FUNCTIONALITY,
38,4ad6516160a6cd24bf9d690353a439418649f9a714ca87cf6e964ccc7d336f85,"Very nice headphones (good sound, lightweight, comfortable fit) at a bargain price.",5.0,NO_COMPLAINT,
39,3f5e069cd791da7c7fd2c323600e594ac02d2ca738d0e344c87fb46f11d166bf,"My first pair arrived broken. But, Amazon promtly replaced them within a day. The deep bass sound quality is superb. If you want ""coolness"" spend a few hundred bucks on dre beats headphones. If you want ""value"" buy these headphones.",5.0,SHIPPING,
40,fe0b7c89797ae75f376f7e59a4280c23e12c4803b63981ea80079098eeeabcf8,"Prefect for little ears. My daughter wants me to wear them but they are just too small to reach both ears at the same time. But they are soft on the ears (and I have 3 earrings in each ear, these don't mash my earrings into my head) . Down side: the cord is VERY long. Little feet can trip on it easily.",5.0,FIT_COMPATIBILITY,
41,346736f8b9aec40548b0e068144c83ceb3e03c4a02ff5a0ecd187a98feb97c39,"My kids love these earbuds. Said they work great for watching videos on their ipads. One kid said they are their favorite, the other said the earpieces don't fit the best. But likes them still.",4.0,FIT_COMPATIBILITY,
42,4d6ea426de32b17abbaa421bb7a8bddb060f7a16312d2a36e30deb41648c0b2b,I've tried a lot of these bluetooth earbuds. I figured they were all more or less the same. Wrong. These are by far the worst I have ever used. Nobody can hear me when I'm on the phone. Connectivity is problematic when the phone is a few feet away. They are materially really cheap and flimsy feeling. I'm literally throwing these in the garbage.,1.0,FUNCTIONALITY,
43,252ac38f543e2fb5cddfd6aa671294ff59ff6d86bca7a6da946a44d74a5e9ede,The tangle-free cord seems nice but the product is poorly assembled. The ones I got arrived broken inside the package. One of the earbud caps wasn't sealed and the guts were hanging out. I'm returning them and won't buy them again.,1.0,SHIPPING,
44,065e4481ee6e359d99b872e281e61b876ce036b5377b13d7f4cfd67409068906,Seemed like it could have been a good upgrade for the kz as10s cause the part that goes around your ears is adjustable but unfortunately the headphones Jack was too small. This was recommended to buy along with the as10s so it really sucked to find out I can't use them.,1.0,FIT_COMPATIBILITY,
45,3f269d0163ac35951c517bf5d60ec4a4409457dad0a426ed51e493191d276203,"These headphones sound as good as the reviews say -- they are fabulous. But, they started to break down after a year of use. The plastic on the headband broke, and the ear pads fell apart. I contacted the company, and they said they'd replace the ear pads for $30. I had a pair of Sennheisers for 20 years, but the Audio-Technica lasted a little over a year. Again, the ATH-ANC7 headphones sound great, but I will never buy Audio-Technica again.",2.0,BUILD_QUALITY,
46,76de4f347048d9df1c75db05cc7c97d61669e0f2962c47f0ae7809ef21b33f44,"The Good: Sound and value. Best sound per dollar in my honest opinion. If your looking at this product, then you already know the pros/cons of an open back setup. For my home office, these were the easiest choice to make. The Bad: Ergonomics and quality. The headphones are quite unreliable. After about 3 weeks, there was a gentle rattle at certain sound frequencies. I play a lot of racing games, and with certain vehicles, I could rev at a certain RPM and reproduce this rattle consistently. Now after 4 months, the volume in the left earphone has all but vanished, and sound primarily comes out of the right ear when I set my soundcard to headphones mode. On speaker mode, it works just fine, for now. The headphones are very small. A certain popular audiophile youtuber simply suggests to bend the metal headband. Yes, this does help, but the headband is only a certain length. For those with big and or oddly shaped heads, in my case both, these tend to fly off and don't fit quite right. Furthermore, a human cannot bend the headband symmetrically without tools, so bending it often creates a tradeoff in certain areas of comfort.",4.0,FIT_COMPATIBILITY,
47,4ded75790ba27ad6ef525c450d7c54ca6ad3513f25ed31d819285cc2c953d9f0,"I have always gravitated towards these headphones ever since I was accidentally sent the wrong kinds in an order. They fit well in my ears and do a really good job at muffling noises around me. However, these headphones has some faults with it. For one, two of the sets I have right now has a problem with one side of the earbud not working properly. While one earbud is loud and clear the other is quieter and it's really annoying to listen to. The mic control button also has glitches with functionality and picking up sound. I noticed that while using it for a snapchat video, my video had a glitchy noise in the background which it didn't have without the headphones. The button also does not work properly on one of my other two sets. Overall, I like the quality of sound and for the price I think it's worth it.",3.0,FUNCTIONALITY,
48,905bd0a7d1e1954dc4986a5c3bd1e019a6993c2bc1481272f1e792f7cfbd539b,they don't fit that well and the sound is not as clear,3.0,FIT_COMPATIBILITY,
49,128ad68d02ee1780cda5242741bce74c54b46eb388fc920208ebf60088a3c299,"Do not buy this product . I recommend this to my close friend , and I regret it . I just wasted $50 . Voice very choppy , arrived broken in packaging , I had to superglue it together to even use it . Do not recommend buying this product",1.0,SHIPPING,
50,c16e0e89ebc3e5ec5f90f9b2ff6ce630b427f024ddec24cfc9627bf1724bd11e,clip broke pretty quick but the device works great with my iphone. head phones are ok but could be better.,4.0,BUILD_QUALITY,
51,f3ea36da1e743b51cbb3cc3753364cf2c121754f825adffb93c231f692a7cdf8,"Great sound,but keeps falling out of my ears ( golf)",3.0,FIT_COMPATIBILITY,
52,437e37922de9bca87cadd6bef20ea912825e13f47be2a8b4d10c12900582b9cb,Save your money. Shop elsewhere. There are much better over the ear buds for the price. Mine arrived broken and I found it impossible to adjust the buds so that they would fit properly in my ear. Immediately returned for a refund.,1.0,SHIPPING,
53,2f90c1be3f5d6f6ef58e236c98e897bd667adbcf178d5ccd5492004968e4f625,"So, I purchased these after realizing that my Beats were too small for my ears. After giving my Beats to my teenage daughter, I realized I still needed some headphones! Once I researched, I realized that what I actually needed were &#34;over the ear&#34; headphones. To my delight, these headphones fit the bill perfectly! For an economical price the sound quality is superb. I am a musician myself, and sound quality in a pair of headphones is important to me. The bass on these kicks! I am hearing little details in my favorite songs I was not able to hear before. One performance I love is the Bruno Mars performance on the American Music Awards a few months ago. Just listening through my computer the sound was ok. Listen through these headphones I can almost pick apart the bass line! Its SO rich and makes for a much better listening experience. Honestly, I enjoy these because of the comfort, but the sound quality is excellent. You wont be disappointed in ordering these!",5.0,NO_COMPLAINT,
54,8919d3b75988cf2df4e40377be38db0f31f45ab23fe71e7d2789e827e60924d3,Sound drops out while listening to music or watching TV. Had to spend a lot of time trying different combinations of ear buds and retainers. I have to re-sync the blue tooth every time I turn off my laptop. Nearly impossible to get the plug for the power port out without using a knife or other sharp object. No instructions or recommendations on how to achieve a good fit so a lot of trial and error. Good price but I wouldn't recommend them.,2.0,USABILITY_SETUP,
55,c8109a486b9dcbc6436c0c1d3b8bcee307b9196971e4f926cc4d882fe29dbd38,best earbuds hands down for the pricepoint.,5.0,NO_COMPLAINT,
56,916cf2564039e3c83d86886a64153dc1a2dbfd77d8fcfc8912728be538b60bd4,These are amazing!!! Sounds so full!! Practicing on my bass.sounding perfecto!!! No frequencies are left out. The top end and bottom are definitely balanced. I will buy them for my musician friends,5.0,NO_COMPLAINT,
57,a2bb8758faecf62ca4d5903fd1fec82d4a4d6f55ff1bd825482b72323be8060b,Cute and worked really well It is in some chinese language and came with no instructions Battery lasted for a couple days for me too,4.0,USABILITY_SETUP,
58,5b8e418050c31eca97ce8c43e83f0f18128a8fff71618b91527ac0380b817657,"I've had these for just under a year, took very good care of them (Only used them at night to meditate) and recently they stopped working. All I can hear is a static sound when I use them. Really disappointed as I was loving them. :(",2.0,FUNCTIONALITY,
59,40f116108f22019da494aa27735d546612cee9e4e6a69646b8d8280ae7f2e45e,"These are way too small for any normal adult human's ears to be covered by the muffs, and the quality/feel of them is the 50-cent Happy Meal toy kind. Cheap, worthless Made in China garbage, like seemingly everything else Amazon sells nowadays.",1.0,FIT_COMPATIBILITY,
60,9d84bba27f66ae7e171ebbf80289461d3d69d2834a2997101752a7d1424e4243,As Expected,5.0,NO_COMPLAINT,
61,57141e8ccaf8439d292b13a81ba8ed61231bf68f47f814ecd4327b2170ff6ae7,Too small physically. Too small battery. Old ones were better.,2.0,FIT_COMPATIBILITY,
62,60cc5173a9a10bbfde4cae964d86db53b5abf61606b7a234d6f6f8b308d1e96f,"My wife bought these headphones for me back in December, the day they went on sale on bestbuy.com, as a Christmas gift. After 4 months the sound began to cut in and out and eventually the headphones died completely. I contacted Jaybird and was directed to try two different factory resets, neither of which worked. I was instructed to send the headphones back and I would receive a new pair. I decided to try my luck at Best Buy to see if they would exchange the headphones for a new pair. To my surprise they were willing to, even though it was outside the 15 day window. Thinking this was an isolated issue I decided not to purchase the 2 year protection plan they offered when I exchanged them. Silly me, 5 months later I'm now having the same issues, Jaybird is still offering the same two solutions that don't work, and I'm without working headphones, again. I have not attempted to exchange them again at Best Buy, but my guess would be that they would say no. Even if Jaybird does send me a new pair, as I'm within the 1 year manufactures warranty, I don't have much hope that they will last any longer than the previous two pairs. But when the third pair dies I will move on to something more reliable. I'm truly disappointed with these headphones.",1.0,FUNCTIONALITY,
63,c48fe7970bae65fe16234b7347aabc85c868384b6c16cef706420991fd37b42d,"I received counterfeit headphones that stopped working almost immediately. Bose wouldn't even consider replacing them because they claim to have never produced anything like what I received. When I tried to verify this, the seller was no longer on Amazon. 60 dollars that could have been spent at a licensed Bose dealer.",1.0,OTHER,
64,1cd40a020cc088a32624705d4eeb1fdb6e5867c27ab6a4d75bf51087b45538e6,"I'll admit it. I am an audio nerd. I worked professionally as an Audio/Video Engineer for a number of years, and had the opportunity to use some very refined equipment in the process. I don't believe my hearing is more sensitive than anyone else's (It might be worse truth be told), but I can get picky when it comes to audio of any sort. Every system I use has to be calibrated just right. That pickiness has carried over to headphones, and as a vmoda user for 5 years running, I have always been impressed by how their sound compares to much more expensive options. The quality of the sound is great, whether you are a newbie to headphones, or someone who cares quite a bit. They have powerful lows, wide mids, and super clear highs. Instead of the bass heavy headphones that are currently the trend, these actually let you hear the rest of the song, and in just as sharp detail. And the sound just gets better as you wear them in. Having had a pair of V-80s previously, and using their immortal life program, I upgraded to these XS ON-Ears. While the sound is very similar, there are definitely some improvements, especially in the highs and to a lesser extent, the mids. They are even less muddled than before, and the range is much wider. For the price, there isn't really anything else out there that blows these away in the sound department. Moving on, the build on these things is topnotch. They look, feel, and weigh premium, and the materials they use just accentuate that fact. The customizable ear plates are an awesome touch if you like to have a unique look, and there is a vast range of customization, at widely ranging price points. Having had a pair of V-80s for years, I can tell you that these things are durable. I have hiked, camped, gone biking, running, and rock climbing with them on and they survived some falls with no problems. The XS are no different in toughness or quality. And if anything were to happen regarding a malfunction,or breaking when it shouldn't(as outlined in their warranty) they are great with getting you taken care of and back to the music. Did I mention that they sit very close to your head and are super low profile for when it comes to having a hood on? For storage, they fold down super small, almost too small at first. I would recommend these to anyone asking me for a nice pair of on-ear headphones, without worrying about them, or my reputation. Go ahead and click that order button.",5.0,NO_COMPLAINT,
65,29a28d736a409ac686062bc4e8949d7aa5a1a5ab946ab5f3bd0123f6cf4a18d5,They fell apart within the week.,1.0,BUILD_QUALITY,
66,e47c2b41dbcd18a43df28069a2785131904ef90ea59184dce7b8e26a4a0e9de1,Everything works great on them I got these for my husband. He can wear them outside and not loose the connection.,5.0,NO_COMPLAINT,
67,c7c1d6812e9683064ca88aaf0766d1444c57487f9f4ef2217276bbe5046041ea,Have bought these headphones twice now and never experience any problems. 3 different sound modes are awesome and easily switchable. Noise cancellation works great! Holds a charge for days and very comfortable. Lasted about a year and half before ear pads completely ripped.,4.0,BUILD_QUALITY,
68,6c2cd20d9c476a45eebf495dde200cab77076c0cdce015c710f5040f8c5b4221,No issues at all with this product. Got a great deal.,5.0,NO_COMPLAINT,
69,20ccc46e0bdc773dc00ba762dcc6eefdc86c57c7717e4baca96ec2432f2e51b6,These are the best headphones I've ever had. I just ordered another pair. They work the same as my Samsung pair,5.0,NO_COMPLAINT,
70,af3c4fd47340fd142e6c47c5e7c85c63868c8ef263a4500dd8c56dae0dd7abd6,"The stopped working after a week. Junk. When they worked, they sounded fairly good, but that's of no value if they don't work. I don't know of it's the battery or something else, but they will not charge, and when they do turn on, they shut off after about 30 seconds. Avoid. Buy something decent and do not waste your money on junk.",1.0,FUNCTIONALITY,
71,85e19f4259c28b34eecc74d7e5623dabb13c056b020903da2654c71eacc83962,"Just received these earbuds so can’t give a complete review but I’m pleased with the product, delivery was fast. Only negative: no instructions so needed to “fiddle around” to get things going.",4.0,USABILITY_SETUP,
72,404d82499dd99c32d3f68cb04fe4ccbfd5a15fbd81d087d54c34c99f5c7f31be,I use these headphones easily 10 hours a day since I work from home and like listening to music while I work. They don't hurt my ears at all and the sound quality is incredible. The sound is full and the bass is nice and clear (perfect for hiphop lovers like myself). I have yet to wreck any pairs of these after constant abuse. My only complaint is the padding. I've gone through 4 pairs of these since 2013 because of the pads disintegrating but that's it. I'd recommend these to anyone.,5.0,BUILD_QUALITY,
73,93be92239c32cee3b9ffe9026aa9241faaa084a98c513fc095701894f2e35eeb,"I don't write a lot of reviews but I felt compelled to write one here because I have strong feelings about these headphones. Let me start by saying that I am I generally a fan of Bose. I used the QC 20 earbuds every day for years until they fell apart and I absolutely loved them. Then I switched to the QC 35 which are the best headphones I've ever owned. These headphones sound great, the Bluetooth works very well, and I have no issues with the battery life. As just a pair of earbuds, they are pretty good. However, there are two major drawbacks which make them very disappointing and important enough to say I would not recommend them. First, they are simply not comfortable. The bulkiness and weight of the ear pieces are simply uncomfortable and after dozens of runs and hours of use, I simply don't like wearing them. I always found the ear tips of the QC 20's to be super comfortable - I could wear them for 6-8 hours without even thinking about them. But I really don't like wearing the SoundSports. Second, the volume/mic piece is a massive design flaw. It's so heavy that it constantly pulls the cable to one side. If you were simply sitting at your desk or on a train, this wouldn't be an issue. But for running headphones, this is completely unacceptable. If I am wearing a hat or headband, I will pull the cable through it to try and keep it in place. Otherwise, I'm constantly pulling at it to straighten it out and when you're exercising, the last thing you want to be focusing on is your equipment. I absolutely loved my QC20's and still love my 35's, but these SoundSport headphones are a miss. I'm still high on Bose, but if you're looking for comfortable bluetooth headphones for running, I'd pass on these.",3.0,FIT_COMPATIBILITY,
74,d6ff80bfa8cb74c3ce3468a88830a3dee8b0bf5253d1b62bf9a7406ecbfdab57,It arrived broken,1.0,SHIPPING,
75,22874d7407f6c1fead7fa8e7e80e85ba75dad3e9585e58ae9c23ae823ce3909a,"Super comfortable. I've always had bad luck with earbuds. They are either too big or too small. I have run in these every day since I got them and have had no issues. They sound surprisingly good, too! So happy with this purchase!",5.0,NO_COMPLAINT,
76,5038e499b4f909f92f56c17cb08ec97dcba3fd9d3bc221a8dacad880c5ff03b8,"The sound was awesome - no question about it - but the headphones fell apart after 8 months. The cheap plastic used to connect the ear pieces to the head piece cracked and eventually broke, and now a sharp piece of metal sticks into my head if I ever wear them. I needed to tape them with hockey tape to hold them together.....I expect better for $300! [Look in the product images for pictures of where they broke]",1.0,BUILD_QUALITY,
77,b9f124d89106b3ddf81ff3c6536615c47e30cc1e655e55dc692f0636c6e50fa4,There’s a constant wiring noise in the earbuds and the sound quality sounds like it’s far away,3.0,FUNCTIONALITY,
78,1acad487e74a46801b13fb7b05bafa1edbfe3304ab3c14a79d8641ebc230edaf,"I don't know why it's been said that it beeps when it's charging, but it doesn't. I like it but I do have one issue. It doesn't fit in my ear properly. I may just have a small opening, but it seems rather large. I have to tilt the headset downwards for it to be semi-comfortable. I think it's a great buy for $20 though!!",4.0,FIT_COMPATIBILITY,
79,6e3f9d649ed138087939a3b587965a322f5a505f85777499fa91169b31514250,"I bought these wireless earbuds because I lost one ear bud of another set and needed a replacement. I use them all day listening to podcasts etc and they are super comfy! They charge fast, and they last long! The sound is great and they feel good in my ears. The charging/storage case is sturdy and definitely feels and behaves like the quality ear bud set it is. This is definitely my favorite earbuds set so far.",5.0,NO_COMPLAINT,
80,c567110602551bc11af0f1e505f08fe25f67be46454149a3173d247a71db25fe,"The wire is hard and hard to manage, sound is good for music but can't use for callas other person can't hear me at all. I thought it will be one pair is bad but both were the same. I should know spend little more and get beter quality.",1.0,FUNCTIONALITY,
81,52960935cd2e9555f577d8842ef30d0292fd6e031074b4cea4125723e3a25ac2,"Beautiful, but it stopped working after a fee uses and doesn't have long battery life. Do not waste your time.",2.0,FUNCTIONALITY,
82,b77c2cc65aabe5a0e94930965001b5f7d70788f0ee1449b5b101c0306cda8a60,"These earbuds sound great, it has good passive noise cancellation and the battery life is very good. The case is a bit large, I usually like to put my wireless earbuds on my jeans little pocket but this won't fit because of the size. They are very comfortable and haven't fall from my ears. If you need an extra pair of earbuds and the case size is no issue stop looking and buy these, great price, great sound, good features.",5.0,NO_COMPLAINT,
83,c2eafa3ba3e68de52f137a6d3c83a7872bf71770c45ce17c54eee6a96c6f056e,"Simply did not fit my head and ears comfortably, despite its claims. Your mileage may vary, but I was not impressed. Also, the cord is either too long with the supplied extension, or too small without it.",2.0,FIT_COMPATIBILITY,
84,8fa4f9ff664548404dfc937d2e7a64ea2116d46e90f85f80df113a0beae05cd4,Awesome product,5.0,NO_COMPLAINT,
85,3ff4999fe518fa8eca68dd2f3f7bf01fe853c34231d0c4b0d6673ec656ba8f84,"These sound amazing and give crystal clear wireless performance with an open back design. The plush ear cushions feel very comfortable, even with long listening sessions. The top band also has two cushions that sit the phones comfortably on the vertex of the head--so much that it's hardly noticeable. The speakers do not twirl like a DJ set, which I like because they are easier to set down and handle without things flopping all over the place. The plastic body is hard and higher quality than typical headphones. These things can take a beating and still look like new! The only thing I don't like about these is the design of the power (mostly) and volume controls. To turn them on, after removing from the base, you have to hold down the small power until a green light turns on, there is a slight delay, and the audio plays. It sounds fine, but in practicality there is no tactile feedback in the button or tone to let you know they are on, only a green light. Basically, there is no clear fast reliable way to turn these on without waiting a few seconds watching the light and holding the button, which means many times I've been caught in a cycle of on-off if I put them on first and try to turn on based on feel. I swear sometimes I'll hold it and they won't turn on, I'll hold again and then it will turn off right after turning on. There is also a delay after taking them off the base before they will turn on, making it even more of a hassle if I'm moving fast. It might not sound like much of an issue but I'd much rather have a different design, like a slide switch. I occasionally use the volume buttons when I have to but try not to because they are all so close together with the fase buttons. I'd prefer different shaped buttons or a wheel for better control. My center balance button doesn't seem to work but I don't care about that. The only other thing that is annoying is that the bands leading to the top are a bit loose, so the speakers tend to drop low and long over time. All in all, I love these, there are just a few annoyances that can be fixed for later models. (I use these for computer gaming using optical audio out.)",5.0,FUNCTIONALITY,
86,48b958c1889d8ae10b9a0275a0ab2751472e4e2fac034d639ba19c7f8c080cff,One earphone it’s not working,1.0,FUNCTIONALITY,
87,97d9246908d2a131e6341b4c6a519d3d57db7f7eef8d7b528d0f6e1fd5e36932,"The first pair I ordered died after about 3 months of light usage around the house. One day they could no longer charge and that was that. JLab sent a replacement pair and it arrived in a few days. Except, those arrived broken. The left ear doesn't play sound. Now I'm waiting to hear back from customer service again. Looks like they want me to mail them back at my expense (according to auto-response). I don't think it's worth the hassle just to gamble on a third pair. I won't be buying from JLab again.",1.0,SHIPPING,
88,3200126c8090b4d15bcc947f502b1a1013592214b38e438f07de9b789391a13c,"I bought a pair for my wife. These headphones sound the same, may be even a little better than my beats. These are the headphones that I will buy when my beats stop working. It comes in a really nice box . The headphones also come a car charger with two outputs and two cables Update I bought three pairs of them. The first pair stopped working after my wife use it in an Aqua Aerobics class. These headphones are listed as IPX7, but the ones that mi wife was wearing didn't resist a splash. She didn't swim with them. I better be careful with the remaining two pairs and keep them out of the water. These headphones are not IPX7.",3.0,FUNCTIONALITY,
89,f2fa5f93ad72a63c65cc4d6bf0314cab987f5998caa1098795f373f6cde1fe4c,"Poor quality build. They fell apart within a few weeks of light use. I did not find the sound quality to be particularly good, either.",1.0,BUILD_QUALITY,
90,f1b55b5246d7f97690979f26c1def73bc4e06a69c14fac20245774114a2520c8,"I've owned these ear buds for about two months, using them at the gym for an hour or two several times a week. These are inexpensive wireless earbuds that have good battery life and are light weight enough that they don't fall out when running or being active at the gym. They aren't especially comfortable however. The ear buds have silicone bits that are supposed to fit in the outer ear canal (3 different sizes of tips come with it). The problem with them is that they aren't long enough (don't fit deeply enough into the ear) to be very comfortable. The edge of the bud sort of scrapes in the ear a bit. It's soft silicone so it isn't painful, just not especially comfortable. The audio quality is fine, but the microphone is pretty much unusable. People I have spoken with using these headphones tell me they can't hear me or that I sound like I'm at the end of a long tunnel. They're completely unusable in a car. The ear buds are touch sensitive on the flat surface that sticks out of the ear. The entire surface is sensitive, which makes it annoying when you want to push the earbud more securely in your ear and it turns off your music or skips a track. My final complaint with these buds is that you need the box to pair it with your phone. If the buds time-out from being not used for a few minutes the only way to re-enable them is to put them back in the box for a moment and take them back out. I'd try a different brand if I know about them what I do now.",2.0,FIT_COMPATIBILITY,
91,cb4c498f5ec9f7c75423d3075483ce4e498731a58d9f414f004dcc3dff56c388,It was amazing . However the charging point doesn't work is it possible to get a new set? It is an awesome product though . Love the product though except the charging point,5.0,FUNCTIONALITY,
92,8d7ce4f5048ef625aab59b0a92f42f714b5b71e848cd84bb87fffa09ab39e904,"Ok, they are decent headphones - for the money. I bought these a year ago and got some good use from them, but they fell apart right at the 1 Year mark. You get what you pay for, I won’t be buying another. I recommend to spend the cash and upgrade.",2.0,BUILD_QUALITY,
93,7f520b673221ea789db01acde08f3cbc93bed028c134c0978ba5ccd04babd46c,Assorted colors so you can color Coordinate. Very comfortable to wear.,5.0,NO_COMPLAINT,
94,fa9c89e6d958a6269e3fe7b73ceeb920b129289a4305b7f238daa37f8bcc1ac7,Had earbuds for about 6 to 7 months and the right Earbud stopped working and the battery's in case and buds together last about 6 to 8 hours I asked them for a repair Or a replacement and they told me there's nothing they can do it's been over 30 days But they did not offer an extended warranty when I bought it WARNING BE CAREFUL!!!!!!!!!,1.0,FUNCTIONALITY,
95,8831e9918d98a19a33b4a981abd34deda588f9500b30e3979c6298d19bff5a28,Works great. Battery lasts forever. Links up easily. Light weight and comfort. Good sound too,5.0,NO_COMPLAINT,
96,46588ca9b94c5bad5c870bed667925e0b3955248a6aecf6e101ad233aaaac192,"This is the best bluetooth I have ever used. I have owned an oldschool jabra, Jawbone noise reducer, but this is by far the best one I have owned. It is small and light and has great sound. You put it on and forget its there. My first one got wet and stopped working so I bought a new one and it works great as well. Highly recommended.",5.0,NO_COMPLAINT,
97,8233ac605dd91f085bd0eb40dcc56301ee83d173d361859af0bee5dc13003f0f,Arrived quick very nice package and very easy to pair. I would recommend product.,5.0,NO_COMPLAINT,
98,f5a33eb557617d28c4b9bd5adf50ea2202a6516a9f4bca6b72563f28746dfe72,Great sounding and battery lasts pretty good. I wear working outside sweating and no issues and got on sale for 89$ so cant complain,5.0,NO_COMPLAINT,
99,393004c0964bd0bc6ad873529f1314a9e94a042ba7702b71fc83ec6bf6d459e7,I have a horrible problem of sweating out my headphones- even ones that claim to be water or sweat proof. I work out twice a day and these have already lasted me 2 years with NO ISSUES. They are easy to pair with any device and clearly have stood the test of time. Amazing quality ESPECIALLY for the price.,5.0,NO_COMPLAINT,
100,26214abb26072c32731bcd0bb5dd0a4c7cbb521ceb3791d65bdbc9ce017148c8,I didn't have high expectations for the sound quality; you get what you pay for with that stuff. But... I did want both earbuds to work. Poorly made and arrived broken.,1.0,SHIPPING,
101,fe1d0b648137e53c7c9776834730aaf20b9953b4a8e46b52971b1e17eed0cc10,"worked fine for ... 91 days. now they're not working at all, one day after the seller warranty expired. frustrating to say the least.",2.0,FUNCTIONALITY,
102,d2a886ad83b7c8d989dadf23801a7250774190cd7076ce14938bd8406e53b0e7,"BEWARE THESE HEADPHONES DO NOT WORK WITH PLAYSTATION 3. The headphones will connect and pair with the PS3 but after correctly configuring all settings, you cannot hear any audio through the headphones. It is basically only used as a microphone when connected with the PS3. You are unable to hear music, noises in menu, or in-game audio. This happens with both the Rhythm and Pro models. I have contacted Miikey Support who was very difficult to deal with and acted like I was a nuisance to them and guaranteed that their headphones would work with my PS3 when they in fact did not and they could not offer an resolution the the problem after 10+ calls and emails to their support team. On another note, these do work perfectly fine with my Android phone (Galaxy S3) and sound great. I currently have the PRO model as the first headphones (Rhythm model) I purchased on Groupon arrived broken. Miikey support did discount my Pro headphones to match the deal I received on the original purchase. Summary: Overall these are solid and sound great but they DO NOT work with my PS3 which is the main reason I wanted them in the first place. Ended up having to purchase the Playstation headphones from Sony.",3.0,FIT_COMPATIBILITY,
103,9fe8cbec0b621fd3993a3e2575b70bc534d3143bf0d44b2da42e4723078a4cbf,"I returned the earbud back due to the sound. When you turn the volume all the way up it starts getting distortion sound, nasty. The noise cancelling really doesn't work unless the ones I received came defective but I would not buy them again even if they were.",1.0,FUNCTIONALITY,
104,22f8bb9a61d2c0eec155359b23f9d4a5a96d8379cee4afc9a691f1c9d12ac53e,Great sound. Solid battery life. Nice charging case. Easy to pair to phone. All for an amazing price compared to other products,5.0,NO_COMPLAINT,
105,3f854e3aa25270add28adc4ad94b07eeea067d9c232599fe31c4719f83b6440c,"Been running headphones in the $100 range for a long time with the last set of dedicated ones being Vmoda Crossfades that are still going strong with one of the sons. I've mostly been using 5.1 gaming headsets as I do have to record voice-overs on a regular basis and have been really happy with the Spellond and Turtle Bay sets. However, as a summer treat, it was time for a change. I started looking at the $1000+ market and realized that if I wanted to stay married for another 20+ years, those would not help. The 19-year-old gear-head audiophile in the house recommended I look a the Monoprice 560's. Specs looked good and having a set of planar headphones appealed to the geek in me. Unboxing was nice with a good looking inner package and nice presentation of the phones upon opening. I was a little surprised to see individual connections for each side, but I guess it makes for better durability and possible ease of replacement if something gets busted. I plugged them into my workstation PC and went to one of my reference pieces of music -- the 1964 live recording of Dave Brubeck doing &#34;Take Five&#34;. The Sound The presence and clarity let me hear things that I had not noticed before. A little scratchiness in the sax, a bit of staccato off the cymbles, and an overall precision I didn't get even with my Etymotics. Adding an amp between the workstation and the headphones was even more fun and let me push it to the point of silliness. A little harsh at first compare to my much less expensive and technically advanced sets, but they simply show what is there. I moved over to the CBS Masterworks version of Pachabel's Canon and was equally pleased. The Build These are rock solid and kind of innovative. The backs pop off to allow a selection between Open and Closed cups. The ear pads are also magnetically connected and have alignment pins, so that pad replacement should be a snap. The bridge bar appears to be spring steel (which leads to an issue noted below) and should last a lifetime. The cups are solid as well and feel bomb proof. My Issue: Because the headband appears to be Spring Steel and it is acoustically coupled to the cups, even the slightest rub on the bar is clearly hears/ It also adds more than a bit to the weight. Given the sound, build quality and price point, these are damn fine for less than $500. PROS: - Great initial sound - Solid Build - Pleasing to look at - Great price Point CONS: - A tad heavy - Contact noise transfer from the headband to the cups - No instructions or marketing Bladi Blasi - Very fancy packaging that just gets tossed. Overall I'm happy and would buy them again. No remorse at all.",4.0,USABILITY_SETUP,
106,819e1c5e9998bd358469aa8e6d4677e1e63ce86f369695c0b3e36ebc2613ccae,Fell apart after about 10 hours of use.,2.0,BUILD_QUALITY,
107,86f2bd5d18a53998789f69663442aee0bb30226dd05f061e23c11daab14f9efd,These work great but come with no instructions on how to set them up,4.0,USABILITY_SETUP,
108,54c1b012ec619c065ff67b331d9e32760e07b097886cd92aaea19fa62bfdbe0a,"These headphones do the job intended with better sound quality than stock IPod headphones. Haven't had to adjust them on runs of up to 5 miles and are still convenient when lifting weights as they do not get in the way when laying back on a bench or seat. They are more comfortable when used behind the neck. When doing squats or placing a barbell on your back, they may pull a bit but you hang them from the front for these activities. Just ordered my third pair in 3 years (I have a bad habit of forgetting them in the clothes going into the washing machine) and I don't think I'll ever go back to any other sport headphones. For anyone saying that the quality is bad: These are SPORT headphones. Compared to anything in class, they are top-notch. For anyone who says they don't fit properly: You probably didn't try enough combinations of the rubber attachments. Take some time to learn how to wear them and find your fit and you'll never have to do it again. 5 minutes for hundreds of hours of comfort is a price worth paying. Personally I found a fit that was OK for a while and only needed some minor readjustment every now and again but after month of having them I used a different fit that needed no adjustment at all. For anyone who says that the cord is too long: The headphones come with a clip. Learn to use it. For anyone who says that the color is ugly: You may have a point but save the fashion statements for when you're not working out.",5.0,NO_COMPLAINT,
109,3f2ba1761c3c1e8078673d98ff0345339d005f72055e636bf6515aca1e320699,"Love them very comfortable and they stay in while running. Problem is they don't hold up. First pair company has replaced 3 times. 1st time they just stopped working, 2nd time they fell apart, 3rd time they melted to the charger. We bought a 2 more for christmas gifts for our kids before we had problems with our first purchased pair and have had the same luck with all of them. JayBird is great about replacing them but wish they held up better. We get tired of going through the process of replacing them. We have 3 pair in our household and we have replaced every pair within the first 3 to 5 months of use. Two out of the 3 have been replaced several times with in 5 months. So, the replacements have been the same quality as the orginals.",2.0,BUILD_QUALITY,
110,0c561fd451ce2c546bce807e94971e1978b74fb3fe8f439138583b2e4d10f075,"The headphones arrived broken, now I have to spend $10 in gas to get to a UPS store, to return a $12 item. Ridiculous.",1.0,SHIPPING,
111,7234618989f4e406d64ca9c47123f3a20f16b1b3eeaa2a064a0ed7bf4df818dd,Good,5.0,NO_COMPLAINT,
112,cabea4819bee422b27d72fff1b2fe74f9c4ccd649a02f26cadaa83f917ff7d24,"One bud fell apart after 2 weeks of light use, so that sound only plays from one bud.",1.0,BUILD_QUALITY,
113,edfa3dc8fd80d2ff71cfcbd9388d8bedee7d9056331edd2a7905999248d9d39c,Stopped working after 3 mos. I can only hear out of one ear. Horrible.,1.0,FUNCTIONALITY,
114,71f1f9ec1293b4b63fa6c2c80a69b35f3b3cac65877b7a3752c3a488af03e580,"I am very satisfied with this headset. Very comfortable and the sound is A-1. Love the charging system, just set the headset on the stand and it starts charging. Distance is good, I can still receive outside in the yard at about 50 feet. I would purchase again. Roger",5.0,NO_COMPLAINT,
115,04c313c53f282e39cc82f0d337a72e272c6e01ab6b865dcd11ac5aa3922fb03b,NO instructions Device fall out of ears BT wouldn't connect w phone. I unpaired device from phone now phone will not see device? wT? I haven't used enough to rate battery,1.0,USABILITY_SETUP,
116,6c594c49c1d7722f6d25586ead95d3082eeef10808bf658281a1a9c151898475,"The sound is on the tinny side. Hyped upper midrange and they would probably deliver a reasonable amount of low end if they actually fit onto my head properly. They seem to be designed for people with heads the size of basketballs, therefore on a medium sized melon such as mine they feel like they are about to fall off at any point in time. The pair that i bought literally fell apart after about 6 hours of use. Garbage. Save yourself the trouble and just throw $20 into the trash if you are thinking about buying these.",2.0,BUILD_QUALITY,
117,4412a6f4bc668cc9308ca5ad7a798b6a83e869bf4d8cf97e4f85a5551fc0436d,love these. very comfortable. works well with waterproof player.,5.0,NO_COMPLAINT,
118,b80122894297bc7f288b8022fb8314ae22a43f4c267c50f6d3294ee7c16ed3ae,"Arrived broken, with a fingertip-sized piece of plastic (the cover between the padding and one of the extensible arms) rattling around inside the case. But that's only a cosmetic thing, and I wrapped some tape around it to fix it. Otherwise this headset works fine for me in my office environment, sufficiently letting me focus more on my music than on the voices of the people around me. Update: Five and a half weeks after I purchased it, one of the arms is cracking - looks like there's too much tension in the part that adjusts the earpiece sliding up and down, and the plastic cover screwed over it is bulged out and broken. (No, I haven't been subjecting it to any kind of abuse. I adjusted it for my head on day one, and haven't moved it since then.) I'm dropping my review from four stars to one because this couldn't stand up to light office use for barely over a month.",1.0,SHIPPING,
119,91b6e722e3e4a0dddac9456515dc3171b9a59d2ac1a74d99311700631ec55d84,"I don't understand how ""twist to fit"" is supposed to work. there are no instructions, nor even a photograph of the proper fit. I've tried several combinations of the covers and foam, and still nothing resembling a proper fit. they just fall out of my ears. anyone have any suggestions? These are possibly the worst fitting headphones I've ever owned. the sound is fine when I hold them tight against my ears with my hands, but as they actually fit, the sound is distant and rather sad. Do I just have oddly shaped ears? I bought these for running, and have now switched back to my old $15 pair that may have poor sound but at least stay in my ears.",2.0,USABILITY_SETUP,
120,f4c385e46ff2f85e3c157064ff976f136469d8582e2796c9b8a6bafcf49fb386,Worked well while they did work. Fell apart after 3 and a half months,2.0,BUILD_QUALITY,
121,ec6975a17832f1ec0133cae49d8a637ed9d9f6c804f0c563feba7ad2935ada91,Headphone wire broke in just a couple of months use. Will not recommend.,1.0,BUILD_QUALITY,
122,239de77995db26487009ec03421c2d12ccfedb0acef619b6cd33f7eff3031542,"The Uproar headphones are built out of plastic, however they seem very sturdy in hand. The headphones don't clamp down on my head too tightly, and are actually a rather comfortable fit. I had no issues connecting my phone to the Bluetooth in these headphones. The battery life is amazing, but I must add there is no 3.5mm jack, if you don't want to use Bluetooth on these.",5.0,NO_COMPLAINT,
123,f20198dc8298b70de2aa6ccfb7393a86c2d3fd08a1397e8cab0abea1bcce06e1,Had several. Some were warranty replacements. Every set had the same issue - wire broke off at earpiece. Sound is fine and comfortable enough. Just don’t seem to last long.,2.0,BUILD_QUALITY,
124,5ce0e7c543fe164d422ebc7e9c1ba45a712cebb1ed362f57f11d57409dfaa5c2,I’m returning these as there’s no instructions on calling out and that is most important as I’m a Mechanical Contractor and need to make a lot of calls.,1.0,USABILITY_SETUP,
125,7fa3d051e2c9a316d7983ed761524fd1ad6800005ba5517ac6937a79d132f228,"works great, easy to use and pairing, battery life is amazing i get bout 16hrs of continues playtime (med-low volume) if not more, but on just regular day to day use at work for bout 3-4hrs a day for a week with only one charge, folding,case and all button are great feature.... u have vol up-down, next-back, play/pause/answer/power/pairing, oh their not too tight on the ears when you have them on so it comfortable to use for hrs and it light weight too, one little thing i dislike is that the mic is a bit sensitive but everything else is great.",4.0,NO_COMPLAINT,
126,02a02c71976294959dfc569ce547b539a21376445e60fdf7d015aab4e27e739d,stopped working after 6 months,4.0,FUNCTIONALITY,
127,c94aaabb9a89375cdd2383e05b8add31a941be9b0c8665e4191d0ba0209a4673,Good earbud but too small for the ear openings. Falls off more often. The mfb knob for turning on or off not easy to locate.,3.0,FIT_COMPATIBILITY,
128,3fa8e35d6e5c5d0d4fb789ce3fd03b25e3870f871ab1d942e423e0162d0d087a,Not very loud.too loose around the head.could be made with adjustable,4.0,FIT_COMPATIBILITY,
129,133d6c282da067dcf0066bb0a9664ae9a4322fdd409fc1c9c882f3302c002cf4,"I wear this at night - my husband is a picky sleeper and goes to bed before I do. I like to read. I listen to audio books as he sleeps just a few feet away, and he can’t hear anything! The sound quality is great, and I’ve never found the headband to be uncomfortable or bulky. I’ve fallen asleep with it on many times. What a great purchase!",5.0,NO_COMPLAINT,
130,415d0d1c7c08945cdb2806e3fbd861e74301b8cc06f248985c95919d186aeb97,"Ok I have no idea what the other reviews are raving about as far as sound quality. These sound like one of those cheap headphones you get with your phone, $10 at best. Extremely high highs and zero lows or mids. Bose stopped making their sound sport wired so I was on the hunt for another wired headset that would get the job done while running and get to listen to music. If you're an audiophile, these aren't for you. Fit. Yeah these are really good for fit and extremely comfortable! I have very very small ears, and gradually learning on this journey wireless don't fit in my ears well or at all. These do mimic the Bose ear wrap and are comfortable. 5 stars for that if I could give it. These will work in a pinch, but based on the other reviews, I thought I was getting some good sound when in fact that is not the case. I'll keep looking although we're living in a wireless world and I run too far to have something run out of battery life.",3.0,FIT_COMPATIBILITY,
131,68451dc6478e5df72606e55ba79fd27847477ccda1516d48befe89b50efb7e78,The headphones were great at first but the volume started depleting on the right side 1 day after return eligibility. The very next day it stopped working all together. Do not buy these look for other options. I tried all of the suggested troubleshooting steps. But this is a hardware failure. I am really let down by the quality and support.,1.0,FUNCTIONALITY,
132,8c9e64f5522af9c62fb92ac9c284522c2c06f3f3ddd4f5d237f29ba1f787e6fb,"I move these headphones and it’s the first time I paid this much for a pair, but I may have bought the cheaper version, because they’re falling apart in such a short time. First one side came apart a couple weeks ago, and I taped it up, now the opposite fell apart today 5/23/21. What’s up with these? I still have an older pair I bought before these still in pretty good shape.",3.0,BUILD_QUALITY,
133,033cd540a78235a27422d5e9f6fcb7773fb85f77cfd653e93f2bcb9a894a67aa,"Edited-12/02/2010::{ Man they've been begging me via email to pull my review and rating of this piece of junk. Ain't gonna do it until everyone has been refunded their money, changed product title & description, and list what devices this stand is suitable for. NOW IT COST EVEN MORE!} DON'T BUY IT ! What a piece of misleading junk! This is NOT A CHARGING STAND. A charging stand has pre-installed power cables. This does not! The cable does not fit in with the Plantronics bluetooth charging cable provided that I purchased, not even the same configuration for it to work. For it to work it MUST have a 90 degree terminal head in the base. The Plantronics bluetooth also charges with a mini-USB cable. No way to fit that to this base. There are also no instructions provided. About the only good thing this is for is using it as a mini-frisbee.......that I richocheted off of the trees already. Got some satisfaction anyhow....... I'm not going to return it, but I won't be buying anything else from this company either. And I will post unfavorable reviews of this product with Amazon.",1.0,USABILITY_SETUP,
134,fb5d7f98078c91a767d727027897130f91d1391c275a497b3fb48a3c200afdb2,"The drive is attractively packaged in the rechargeable case. The product conception is innovative. However, the product delivery is a steaming mess. Firstly, the product came with the wrong user manual. The product is sold in two versions: with and without the charging case. Mine was the charging case version but the supplied user manual was the WITHOUT case so I had to retrieve the online manual. Then, the instructions are obtusely ambiguous and stupidly backwards. The device has almost no power but you are instructed to pair it to you iPhone before charging. Dumb. The instructions instruct you to &#34;power on&#34; the device but it has three buttons to push, a square, a + and a - button. Okay, you press the square button and it is supposed to blink red and blue to pair with your iPhone set for bluetooth pairing . Mine stayed blue for 5 seconds and went off. Nothing happened at the iPhone end. ( I have paired several bluetooth devices on my iPhone.) I reread the obtuse instructions thinking I should have, perhaps, pressed the + button. No good. That did nothing. How about the - button? Nothing. Back to pressing the square button. Nothing. I repeated the pairing routine several times. I never obtained the red/blue lights. Then no lights were observed. Okay, I charged it up. Then commenced the same routine. I looked for instructions to power on the charging case. No instructions for that.... The device came with the wrong instructions. I retrieved the correct online instructions and charged the case up. To make a long story short: I wasted hours on attempting to pair the device. Nothing worked. Plantronics spent much time and money developing an attractive device but cheaped out on stupid instructions (and sent the wrong ones!). Consequently the promised service was not delivered; only frustration resulted. The Plantronics Back Beat 2 Wireless Headset is a useless boat anchor. The junk gets shipped back for a refund. I had had high hopes for having a good set of bluetooth headphones. Instead, I wasted more time boxing this junk up and sending it off by UPS. In short: A complicate waste of time, effort and gasoline. I will NEVER attempt to buy another Plantronics device again. Goodbye Junk. *** One good point: Amazon makes it very simple and easy to rid oneself of Plantronics debris. You go online and Amazon has put everything is in order. The instructions are simple, unambiguous and easy to follow. You take the original shipping box, put a printed bar code provided by Amazon into the box with the debris, tape the shipping label to the box and you are rid of the junk except for wasting time and gas carrying it to a UPS store.*** Only the frustration associated with Plantronic lingers to warn you to avoid all Plantronics devices in the future.",1.0,USABILITY_SETUP,
135,179c4ba01d8f25db3d453919421b7a6a4633605ff25b3d588a44aeb6ae5bb52e,Well it doesn't fit every android phone on the market.,1.0,FIT_COMPATIBILITY,
136,7113622a3aee0563dea44673d695745e16206c0c88b4ae5779ecc50c76e09263,No instructions of how to install which is very bothersome as I do not want to damage my headphones. Waste of money on this product. Do yourself a favor and buy Bose.,1.0,USABILITY_SETUP,
137,743307a52c2696d725e9d09da893abfe3ccad7df7225ca47172e0e6d6e736959,"I have read many good reviews and I'm only giving this a mediocre review because they don't fit my head. The back wire is rigid and pushed the units forward and didn't allow them to fit in my ear properly. I'm a 'full figured' person with a large head and large ear canals. The units didn't stay put in my ear very well as every time I turned my head they popped out, partly because of the stiff wire behind my head. If you are a smaller person, you may not have this issue. They did sound decent when I held them in my ears. They sent a long some other things that you are supposed to roll up and shove in your ears if you want to block out all the noise... I don't think so. To the many good reviews, I'm glad they worked for you and wish they would have worked for me. Unfortunately I had to return them.",3.0,FIT_COMPATIBILITY,
138,832801d8d80cc97ced80126cc3cd1b80e86be719fbaa283efec49292e3c69243,"This is an amazing soundbar/surround sound system. It sounds as good if not better than my friends 1000 traditional 5.1 surround set up. He came over to check it out, an left a little mad he didn't wait for this like I did. Watched transformers and surround is awesome. Great front/back balance as well as low/mid/high balance. The bluetooth works great! Now I can sit on my porch with the window open and control the music from my iPad. Absolutely love this system. If you are looking for a great sound system look no further!",5.0,NO_COMPLAINT,
139,ed6f84401b47c9c0b60c9f8c53360b011429df4d1a16e0d77b8f405e53cc9cb7,"I originally wanted the Jay bird blue buds x, but I didn't want to spend a fortune. I opted for these instead. The first pair that I received stopped working after about a week. I contacted Amazon and they replaced them super fast. So far, I have had no issues with the second pair. There are different loop attachments ranging from smaller to larger included, so you're bound to find a good fit. With the that being said, they are still a little uncomfortable. I find myself having to adjust them at least 3 or 4 times throughout my workout. They block sound is really good. I was surprised how loud these get! The bass quality is pretty good too. All I all, good wireless headphones.",4.0,FIT_COMPATIBILITY,
140,1fd734c53842f5849049d6689c7321388554ca6b4ab7318d2162bde49cb3e28b,"Easy to use, connects with no hassles, not nearly as touchy as the previous pair... happy to have the upgraded pair!",5.0,NO_COMPLAINT,
141,2550b33ce7ecafe34d9411221ac8d2031710409add3291337468e9bc588e3f51,Complete plastic junk. Fell apart by the second use. Which was a shame as they were comfortable.,1.0,BUILD_QUALITY,
142,ffb2046afc9c2e0f1fd9b29e757f351593627faa3c6ee09fd71d44a4e472115e,"Item was received and product came out of the box damaged. Turn table was popped out and wouldn't work. Benefit of doubt. Ordered replacement. Got replacement, unit won't even play 10 seconds without skipping and replaying. Weird. Requesting refund and now I have to ship off 2 items to get my refund. Poor product and even poorer quality control.",1.0,SHIPPING,
143,6013c38c9f2f6bfb4cc9e6ab5c3a1c42d37f2df5f2ec56d745b9803ca5125d0e,couldn't be happier,5.0,NO_COMPLAINT,
144,418d078dbecc94dc2822109eb60666caad04c38552640e79880800bab5720dd9,"I was looking for a set of headphones that would be light weight, cordless and sound good. I bought this headset mostly to listen to music on my iPod, iPad. I am not to much into the phone answering bit, but it works great for listening to music. I am totally satisfied with this product and would recommend it to anyone! Sounds great, have no regrets on the purchase, works for what I purchased it for. Has a really good sound. Been using it everyday now for a week, sounds great and very comfortable. Love them! Thanks",5.0,NO_COMPLAINT,
145,c2f9be124ad2e34341867aa775bd12a638bfeb9310130693de71a71ba52c2412,I thought this earbud will be a great for me but unfortunately it was not. First of all the other side of the person can’t hear my voice sometimes. Noise cancellation not work as well. Another main problem of this earbud is can’t hold in ear perfectly that’s why it’s always drop from ear. Not satisfied 😞 Can’t even return because of throw the package.,2.0,FIT_COMPATIBILITY,
146,c8885129e47ef8ee4b4409b0eb5c9502764a6ee118f972699b67f106c774a693,"All in all, it's a pretty good product for the price and it's much better than most other headphones out there that cost more than this pair did. The only complaint I have with this product is that the actual foam that's supposed to go around your ear is too small for me. In any other case, it's a top notch product. I'm pretty happy with my purchase!",4.0,FIT_COMPATIBILITY,
147,942eea614cd172fdb632faaa4e29043a5119f1d85b21dfd1bda89607338cb8eb,It’s not new and I paid $80 for it I will have to return this item,1.0,SHIPPING,
148,bab12b8373d69b2bbe470ce928b738f4904f840e3442da51f486a457d5704313,"sent to me in plastic bag with no instructions. when I contacted seller its response was go look online. piss poor customer service. I am not some tech wiz the reason I got this is because I am hard of hearing. the verbal commands are indecipherable to me. the volume control works BUT very little. this was my first blu tooth anything. after hours of hit and miss trying I got it to pair with my TV but on and off is still a mystery. I will stick with my old RF headphones, easy to operated good volume and I should have just bought another pair of those.I suppose if you do not have hearing issues these might be ok.",2.0,USABILITY_SETUP,
149,4861bd0b8f43cc1c81575b9f3eb3246680b8a9889f9695f44f1c2f62666b855e,Works great,5.0,NO_COMPLAINT,
150,2adcfb93f787979081f2685785e2e6da21b9c0f93f0991dbe25fc3d2bbd6646c,I did recieve the product in one day. There are no instructions. No way to tell what buttons do what. If I were not a bit tech savy I would be lost. Overall I find them disappointing. Lets see if they work when they are charged...,3.0,USABILITY_SETUP,
151,4ba6798d19de39af17be767d05a1be0a75e40922424d00ab53356672a9ae2b96,"I have had the freedom JB-200 predecessor to these headphones for about 18 months. I loved the comfort of the JB-200; although I had to buy Acoustibuds to really get them to fit well. The JB-200 fit behind your ear, so the weight of the earphone was carried by the top of your ear, which is comfortable. I soak my clothes with sweat when I workout, prior to the jaybird jb-200 earphones I shorted out 2 other sweat-proof labeled headphones, including the hd-s9 motorolas. I loved the JB-200 earphones, I would have bought another pair, but they were end-of-lifed, and the freedom-fj3 is the replacement. My JB-200s broke because I am not careful with them, i dropped them several times, even once from 20 feet up onto concrete; I was not surprised when they finally broke. I have worn the new freedom-fj3s 4 times. 1st with medium standard inserts, 2nd with medium deep plug inserts, 3rd with small deep plug inserts and gecko outer ear holders, 4th with medium standard inserts and small gecko outer ear holders. ... there are many options. The 4th wearing with the normal plugs and the gecko strips was the most comfortable, but still bothered my ear. Maybe I will get used to it; definitely not as comfortable as the JB-200s. The freedom fj3 do not fall out if you are using one of the gecko strips or the deep plugs. I have not yet shorted them out from excessive sweat. (but even the hd-s9s lasted about 15 workouts till they started shorting out, so I'll make an update in a month.) Sound quality: about the same as the JB-200. Base is a little weak, celerity is a little muffled, I would give them a 6/10 on sound ... if I didn't' sweat so much, the Motorola hd-s9's were far better sound, I would give them a 9/10. Battery-life: more than 3 hours my longest workout so far with them). I hope I find a more comfortable way to wear the freedom-fj3 earphones. I need music to get the most out of my workouts, and I prefer bluetooth. This seems like the best option currently available UPDATE: owned for 2 months now battery life seems to be about 5-6 hours (2 workouts at about 2.5 hours ea, battery wears out just about this time) Comfort, I have found for me, I use the outer ear grips and the black earbuds, very comfortable. I am very happy with this purchase. I sweat a great deal when I workout, Jaybird is the only manufacture I have found which is waterproof enough not to burn out from the sweat. ... ooh, also I found my cell (android evo 4g) has an equilizer function. By editing the sound I am now much happier with the high range on these headphones. Update 11 months: still work perfectly, no issues. I use them about 3 times a week while working out. I sweat heavily while working out but these do not short out... after i found the ear pieces which fit best, i have been happy with the fit. My only complaint would be i dislike the feeling of the cord on the back of my neck, so i let the cord hang under my chin instead. Update: 1 year... exactly to the day! ... some failure on the headphones. The led is solid red, but the blue led still blinks. The headphones will still pair, +/- buttons stopped working as well. All was working fine until it wasn't. Left an email for jaybird support. I will post the results. Even if i cant get these fixed, I will still buy another pair; I still think they are the best sweat-proof bluetooth headphones. &#62;&#62;&#62;&#62; support told me to follow warranty and RMA info on the site. Warranty is 1 year, so I am outside of this. I bought a replacement pair, these work well. If I get another year out of these with the abuse I put them through, I will be satisfied. UPDATE: 3 years on the 2nd pair. These still work with no issue. I use the 3-4 time per week for running, cycling, weight-liftng. Sometimes when running I have trouble keeping them in my ears; the sweat and the impact makes them want to come out. Still, I put a little pressure on them about every 1/2 mile, and they stay in. Still very happy with the purchase. **Recommendation: The case these come with is less than useless; it comes open to easily. For 2$ I bought a tin Gift card holder from Home Depot. This gift card holder looks like a tiny tool box, and is the prefect size to store the headphones safely. This may be why this pair has lasted me 2.5 years, when my first pair lasted 1 year...",4.0,NO_COMPLAINT,
152,e6cb318cf1dff0ce8d97a9071ac49c910d68fdc9c296acb83d09faad96c91b91,JUNK. One pair arrived broken.,1.0,SHIPPING,
153,2008318327ebf6bae29f501638ef0b4c8faaf9397755ad8eab0c8a2b924250d8,"I really like the sound and fit of these earbuds, but the 1st pair i received arrived broken. I reported the problem and I was mailed another pair but I never received them. So I called again and was mailed out a 3rd pair... Within a month those broke in the exact same spot that the 1st pair arrived broken in. I'm not sure what thats about but I won't be ordering another pair.",3.0,SHIPPING,
154,6b741b616b7ef0850552f1a6f59d7c2b28f3e887a158a7a75b94247f2c8870b3,fell apart after just a few uses,2.0,BUILD_QUALITY,
155,cf061f22ba1cd56f5d96c467a086b30d61536983aaa7f684019ff996bab5eee0,"These served their purpose at a fair price when they worked, but after 2 pairs lasting roughly 3 months each I'm done with them. I pretty much exclusively have used these for running when they worked and they did fine there. They don't have a functional cord shortener like comparable products so you'll need to be ok with the cable riding on your neck. They are advertised as being waterproof, yet both pairs stopped working in the same amount of time with the same use. So either they are not waterproof and sweat is causing them to sotp working or they are simply poorly made. Eitgher way I wouldn't recommend these. They've been cared for as directed, yet each pair stopped charging after 3 months. They replaced the first pair after it stopped working, but would not replace the second pair and only offered a discount code to purchase a new pair when the second pair had the same issue and stopped functioning. If you're looking for a decent pair of minimalist wireless earbuds at a cheap price I'd looks elsewhere as these have unfortunately not met expectations.",1.0,FUNCTIONALITY,
156,e54336acf47652445fac7f9760777844e6085b319471b9f5724b61fd132c6e2e,"Light weight, great stereo sound, convenient controls, long battery life...this headset is ideal. Works great with my laptop, my Archos 5 internet tablet and my htc EVO V Virgin Mobile smartphone. With my big ears, it took a couple of days to get used to them but I now use it all day long with no problem. Having zero cell coverage in my area, I use Skype regularly on both my PC and my EVO smartphone. People I've spoken to say my voice is clear and with little backgoud noise. That's saying a lot since I live in a 38 foot trailer with an A/C and two fans running constantly to help cool me in this New Mexico high desert summer. Kinivo has a nice website and seems dedicated to customer satisfaction. You will not be disappointed with your purchase.",5.0,NO_COMPLAINT,
157,69246c5d8eca79abd2e1ebe8b1c0a26ef638739be8daece14b3891f5fd5d0683,"The package was damaged when it arrives, I noticed something like... Footprints or something similar, also, the headphones arrived broken.",2.0,SHIPPING,
158,7cc5d277dabd48ddf1acb859a3276c5681dd2971421dfd640a8ec059823f1996,"Just got the product. Cant rate the product yet, but, something unsettling..... 1> outer packaging unsealed. 2> inside, no paperwork. No warranty info, no instructions. Double checked the product info. No where do I read refurbished, renewed, etc. Not sure if I will keep them",1.0,USABILITY_SETUP,
159,2ccc8861e890383fbca68e832b74dceb265c0b74ca4ede7a47a054e45c013957,Works great on my road trip with my motorcycle 3 hour ride no issues,5.0,NO_COMPLAINT,
160,ea2997422b5e91e844c1644e8779a406342e07bb22b695a48904122f93ae15c9,By the third day they stopped working. When I would call people would ask me to remove them due to the high amount of noise they received on their end.,2.0,FUNCTIONALITY,
161,0aa2c948116b1bd3b60f479bebf51d55284eb17f13cde8856d9104ce4ecdab1d,"Bluetooth works great having the features that can be heard everything with the extra speakears, fantastic product",5.0,NO_COMPLAINT,
162,13abcb0b578ed50b63b677dc70a054db620166b9cb58e74438cba9e4a4e84089,"The product itself is fine and it arrived quickly. I bought them to replace a similar pair of Beats by Dre that I used for 2 years but recently lost. The new ones are ""renewed"" or whatever the fancy term for ""used"" is these days, which was also fine. However, absolutely no instructions were included. Had I not owned the same item already I would have had no idea how to pair them, etc. I'm sure that information is available somewhere online but I don't expect to have to go digging around on the interwebz before I can use a product. I won't be buying any ""renewed"" electronics in the future.",2.0,USABILITY_SETUP,
163,6b1b4b3c67a2ff1df375d5a20cd4ad52a809c6a3fc6f2b17c89739bd9dbf1344,"I bought these to slip under my pillowcase and listen to Scripture while I slept. The wires are very thin and not coated well. I tried to be very cautious about bending and pulling them. They worked for about 6mo before the wires completely stopped working. For the money, they are as expected. Volume was good. They are flat and soft, comfortable to place your ear over when lying down.",3.0,FUNCTIONALITY,
164,b2617a83da900e607a29393f3c2387e3659060dc1b908eae7230b9f47f67d70e,Awesome fit. Works great!,5.0,NO_COMPLAINT,
165,8b440437d9455927f67c9f1381f8c2c751ed850c98dfc8a88c01966cece70d38,Another crappy version. You get what you pay for.,1.0,OTHER,
166,4c7414e5d5fa8715be1ca7790422ed61d4a80beb21ae54812c4fea6d0c179630,Sony is just hands down better than everything out there. I have had the so called best. Yet Sony is above them all I prefer the xm3 over the xm4 because I like the deeper bass,5.0,NO_COMPLAINT,
167,4a9642367537a5ca767bcdea4f01bcc71bdb6d1ee10089a898f087b81924ad6c,"Sound is nice. No instructions. Ear cushion unevenly meshed. That’s just my luck, I’m sure others are meshed nicely. However, this is very affordable and easily connects to your laptop and phone.",3.0,USABILITY_SETUP,
168,a5fad65f9be57dbb672edb5d6ec239257711066ed1f26ef6f3f240b2bb1abe37,"You can't walk away more than 5ft from your phone and it disconnects. I deliver mail for a living and if I get out of the truck and walk to the back the headset disconnects. Sound is ok, had better sounding headphones. Doesn't fit comfortably around my neck. Don't waste your money and I wish I could return it but I'd spend more in shipping than it's worth.",1.0,FIT_COMPATIBILITY,
169,60feccbc2a5fbe122fa8334224d89b21b51c4862d8a6498bf800e6445d61b5d4,"Boxed in an easy to open cardboard box with circle tape for security, it rests in a plastic tray. It comes with the obvious headphones & a simple draw-string vinyl bag in all black. There are no instructions inside, just the outside box. There was no jack adapter. Specs: Size - Entire unit - 7"" wide & 7"" length Earpieces alone - 3"" in diameter & 1 1/2"" thick. Form - The headphones are adjustable normal pull-out style for size, even numbered how far you pull out which seemed unnecessary. The swivel ability on the earpieces is excellent, you can have one against one ear & the other facing fwd or back so you can hear around you better. With the tight form of the band of the headphones with have a silver metal band on top, it's pretty tight & anyone with an average head or large will be uncomfortable. Electronics Specs: 3.5 mm 3 line (each ear & mic) jack 1 meter cable / 3 1/2"" ft 3 grams in weight 12 Hz - 23.5 Hz Basic Sound: These JBL Roxys are good for thirty dollars, but not more because the bass was soo muffled whether I was watching a movie or playing music. iPhone Call Sound: On a call, it's weird to have such big speakers, but it sounded very clear & the caller said I sounded the same as my normal iPhone calls. I was able to change the volume on the inline remote & the mic rests at neck level. Conclusion: For $30 these are good, but for more it's not worth it due to sound & tight headband.",3.0,USABILITY_SETUP,
170,179d30afcde0b0d32791222986a25002a5ec3d68f5f52164e45eae49abc265ab,Works great. Solid construction,5.0,NO_COMPLAINT,
171,a4dd4db37910325997e12bb73b5b712b1157fbc7222744e17f24ef64bb6b80c0,"Based on the product description - ""works with Blackberry"" - I bought this headset. I rec'd it quickly, but didn't get the black and grey as ordered. Instead the vendor sent me the tan one. That didn't really matter, but the plug is too small (2.5 mm is not the size the Pearl uses) for my phone. Extremely frustrating because of course I had it out of the blister pack to find this out and now I cannot return it. Argh!!!!! BTW - tried to use an adaptor - no dice. Don't buy this for the Pearl.",2.0,FIT_COMPATIBILITY,
172,63a6c85467b80ec49188c114edb7246394066682b2526143eec054e2dde738a0,"DO NOT EVEN CONSIDER BUYING THESE HEADPHONES, THEY SOUND GREAT, BUT ARE VERY POORLY CONSTRUCTED - EXPLANATION BELOW: After about two weeks the faux frogskin coverings peeled completely from the ear cuffs, so I had to replace them, and had a very tough time installing the new ones without damaging them, as they came with no instructions. About 6 months or so later, both of the speaker cuffs themselves completely separated from the halo, because they are attached by a very small sheet metal screw painted black so that it blends in, to hide how cheap the construction is. The sheet metal screw completely stripped out the plastic piece on the halo they were attached to, beyond repair. (And I have worked as an audio repair tech for most of my life). The screws kept loosening, I kept tightening them back, and even added a drop of super-glue into each screw hole in an effort to lock them in place, but to no avail, they both eventually completely stripped the holes out to the point there was no threads left. It was no use trying to use a bigger screw, because it interfered with the movement and tightness of the ear cuffs travel on both ears. Eventually I even tried a wad of electrical tape, and made several passes to see if there was any chance that I could get the headphones at least ""good enough"", but the tape was no help either. Moral of the story: YOU CAN'T DRIVE A SHEET METAL SCREW THROUGH PLASTIC, AND EXPECT IT NOT TO STRIP OUT THE HOLE IT IS SCREWED THROUGH! ESPECIALLY WHEN IT IS MOUNTED TO A MOVING PART!!! STAY AWAY FROM THESE HEADPHONES, EVEN IF JVC STARTS GIVING THEM AWAY FOR FREE, BECAUSE THEY WILL FALL APART!!!",1.0,USABILITY_SETUP,
173,17e0775806f526d695cb65c5a3387c23f68aa518cc0411f68ebf43cbeff4d251,Fantastic quality! Very pleased with this purchase.,5.0,NO_COMPLAINT,
174,d0d0126d91399c35953ec4a5252b4b0e7e9207c611de4dc13892b0bc4cc678c9,"Wired in-ear headphones. 3 sets of ear inserts included. Has built in microphone. Call quality is good on both sides. Music quality is good. Noise reduction was okay. No static noise noted but could still hear sounds around me. No instructions or diagrams included to show controls. The only control I found was an inline. The function is to answer a call or make a call (pressed button asked Siri to call). No volume, reverse or fast forward. The ear buds have stripes of different colors, blue stripe on right side (where the inline control button is located) and red stripe on left side. I recommend to those looking for earphones that have great sound with minimal, simplistic controls. I received this item at a discounted price.",4.0,USABILITY_SETUP,
175,9501d3fa4c75fc4fa8ddcd4903ff4cf41994d440870e69903bc155fa34cd9697,"A very nice change to my first gen pink studio beats. I appreciated the fact that it was easy enough to apply and definitely stands out. a couple of things to keep in mind though: 1. i received an email shortly before these arrived from Skinny reminding me to follow the instructions included in the package for proper application, however no instructions were included. i figured it out easy enough though, so no issue. 2) the solid pea green part shown in the picture is actually designed to go at the bottom of the headphone, not the top as shown. I noticed this because there is a space they left open on the green part for the headphone cable which is at the bottom of the headphone.",4.0,NO_COMPLAINT,
176,15ddfc832f70e69223e561fd274fbaa9c9646f7eb3b13f161bb9f392aa958606,Fell apart after two months,3.0,BUILD_QUALITY,
177,6117f8ae5682b7060515f77fd860e583244a4af1c864f1f53ce15979562590a9,"Very happy so far, though I can't get a pair of Bluetooth headphones to last longer than a few months. Great controls on the side. Comfortable and stays on my head. Almost too small for my somewhat large head Great sound quality Readily connects via Bluetooth to my iPhone They look super sleek and expensive. I had a bartender ask if I was working for the government because of these headphones. I would buy these again.",5.0,FIT_COMPATIBILITY,
178,17949ebcbc619e2b0b600af397628bc903e47583865fa20d74873e712182fbdc,Arrived broken with right ear bud constantly losing frequency,1.0,SHIPPING,
179,18717de4526cc9a4496b687c8f9abf3b02c9f2246ce463498d06ac5f00d31f35,I didn't get any covers. They don't fit in my ears.,3.0,FIT_COMPATIBILITY,
180,f5f39a1265f52b8b326a8c377dc0e5d88d5428eab426d2b74bd461075d828464,"Works perfectly for what I use them for. Quality of sound is as great as more expensive wireless ear buds. Noise canceling works great, and my full battery lasts days.",5.0,NO_COMPLAINT,
181,4b2266e6f6480ea2a0925d4361992b38ef06a190e5cbc20b5077c3ed602d4787,"If you're wife says you have a big head, these may not work for you. Whenever I turn my head left, right, or look around they pull at my ears and shift out of place annoyingly. Sound quality was great, no complaints there. They're just too small for me.",4.0,FIT_COMPATIBILITY,
182,cb5bbc85720562e5d11dfb528c3daf6f2a6a19fae94f41f94b1d712338ba3376,"For the money these are my favorites. Properly over the ear, snug but not too tight, fast to connect and the battery last a super long time. Im past a week of wearing them every night for 2-4 hours and its only lost a little charge. Quality!",5.0,FIT_COMPATIBILITY,
183,2b37bcddc24f05300475cf78ad373aeeea0e4913d59604d923aab8258ef21915,Headphones arrived broken but customer support sent me replacement and it arrived in 1 day. Fantastic customer service. I am very happy. I enjoy the set. Good noise cancellation as most of the time that i use them is when I’m biking or taking the train. on the scale of 1 to 10. (Noise cancelling) is 9 out of 10 simply because sometimes you have to adjust it in your ear in order to block outside noise or noise around you. But very good pair to own hands down. you don’t have to spend a fortune on other headphones when you can get this.,5.0,SHIPPING,
184,9d8a65c6df333f1bdb830b17570489403c078fc501ab50c6f0fce259f671407e,"-- They don't fit my ears, always fall out, no matter which tips I wear -- Battery life is pretty poor -- Controls are impossible - there's no indication whether your tap or press-hold is working, and it usually doesn't work -- They don't pair with each other very easily and there's no way to force pairing. Instruction say ""earbuds will automatically enter Bluetooth Pairing."" My pair must have missed that step. I'm forever taking them out of the charging case, then putting them back in so I can take them out again and hope they'll pair. -- One earbud will be connected to a device and the other bud connected to a different device - like, I'll hear audio from my laptop in my left ear and from my phone in my right ear. Then I have to go through the whole disconnect, pair, power off, try to pair again, reconnect sequence. Holy hell, what a pain in the neck. I'm doing it right now, 6 minutes in and it's still not working -- It's not just this pair, I returned the first pair due to these reasons but the new pair still has the same problems. Basically, I'm forever messing around with these, wasting tons of time multiple times a day when I just want to grab them and run out the door. I'll be buying another pair of cheap Skull Candys which work seamlessly.",1.0,FUNCTIONALITY,
185,c912fe4c91c5372e69a7d78b7c6790f98207f95b95992c7f984a09be27d2f44f,"I have a small head, usually have to wear a child's hat if I want to wear a hat and my ears are tiny too, these fit perfectly. While the band expands there isn't anything you can do if the ear piece is too small. I have owned these headphones for a while, at least over a year and the sound is amazing. The only thing is now after using and abusing them for so long one ear has stopped working. I am not actually sure if it is my headphones or my laptops fault though. For this price I would recommend these to anyone.",5.0,FUNCTIONALITY,
186,8df472d231f890f67e45bb90dd92a5cd23108db10f5dc8420b318b42589832a0,"I love this wireless headset. I use while I'm on the treadmill. It's convenient, not heavy or bulky. The reason I'm giving it a 4star is because there were no instructions on how to set it up. I had to google the instructions. Even though it was a simple process, some simple written instructions with the headset would have been nice.",4.0,USABILITY_SETUP,
187,a938ca6d693923e0a4d00262497c76d9ebb50d951ac1899ec7d6dc04b18c07f3,"Didn’t fit my ears like I expected, but they do stay in. The quality of sound is very good, but when you have tendencies to run spur the moment or when you can’t be connected to power right before your run, the lack of an on/off switch overrides any other feature. They’re typically dead before I get started on a run and I haven’t been able to connect them to my iPad.",1.0,FUNCTIONALITY,
188,8cbd3e2d7809a709bced0d6dbda7c2d6ed666682161c973035528b860e855f64,[[VIDEOID:8192dfbdbd9f86bf7974570ced5b0cc6]] I love these headphones. They fit really securely and the sound is loud! They stay in while working out and it’s very cool that the case itself is also a portable charger for other devices. Will definitely come in handy!,5.0,NO_COMPLAINT,
189,a3a6472224c46211e4f43b0ca1440f7d0a4fce79dab2d71d270d9c97aaef2636,Product won't connect to bluetooth. It was returned,1.0,FUNCTIONALITY,
190,415b00f47df43721946f6ca681643a974222c807076b3b9813fb0d062c5b4e88,Case will charge but won't charge buds,1.0,FUNCTIONALITY,
191,90f6e1c4ad4c0c5c164f9859696cead6763182fc92045c31b681d2f305dbd964,Item arrived broken!,1.0,SHIPPING,
192,2bae9f359477b0386a7a8bd49ae9e0f39ab5c5968e3efd6b27e5c66f134200ef,Purchases two pairs. Both pairs left ear bud arrived broken. Very low quality. Will not purchase again.,1.0,SHIPPING,
193,2433fdeb72d7eebebce86f4783a8390b583d62024ce70a669f26587ab227b645,"i love my headphones, they are lasting me a really long time. theres a pro and a con to the wire of the headphones. The con is that the one they came with broke with in a week. The pro is that they are really easy to change and not that heavy on your wallet. They are like beats, really loud and clear.",5.0,BUILD_QUALITY,
194,5439a8baae918c362d5e3aa3446ed1fb607a45927e030aa7372ef1e3155aa316,This Plantronics Voyager Edge Bluetooth headset works great!! It definitely blocks out background noise and road noise when you're driving or on a windy day when you take a walk. It arrived in the time as promised. I would buy from this seller again again.,5.0,NO_COMPLAINT,
195,348fd18e8ec1dc3ac82b2f2f956763832d7965017313dd8c82400c30da77e336,Left earbud arrived broken light never turned on,1.0,SHIPPING,
196,5f8c6469e5f662f6cfad26df8b311d9c7c2355d167d2a003ca1d5d88057be8ce,"I always come back to this. My favourite earphones! It fits right (comes with 3 pairs of rubber thingies to fit different ear sizes (?)). sits in, doesn't keep falling out and doesn't let anyone near you hear anything. The quality is also pretty good for such a cheap product. Please lets not jinx it thanks!",5.0,FIT_COMPATIBILITY,
197,ba8c0b050310847f2bbfdafc5e908da807ae1c6b755da6caaacc6f76423bdeb2,What noise canceling? No instructions.,1.0,FUNCTIONALITY,
198,43253d169f1bdc59424670e77511dd41e29f41ab1dc7e309580f86b4d0a39b1a,Other than the fact that it only lasted a year it was a great purchase. The ear piece started falling apart but all in all it was a great buy. It did the job...,4.0,BUILD_QUALITY,
199,2cc57b066bc1cf36fdbd40ddb024f3cc2311847ca225f7798f9871b9a4adb7e5,"Came in a box that was torn, no instructions, no paperwork at all and when I tried them on several devices including a Dell desktop, a brand-new HP laptop and another desktop the headphones would just flat-out not work at all. I'm thinking I was sold a used product that someone else had purchased and returned. Not good at all. I'm extremely disappointed because in years past I have had other Koss headphones, including a set that I used for years as a professional broadcaster and all of the older ones worked great. This set was pure junk.",1.0,SHIPPING,
200,291202fec449fbf45e43486bc9f1f9a647e3985128a0d1a7ab3431f2e1a96921,Arrived broken and are just cheaply made but for the price I guess that's to be expected.,1.0,SHIPPING,
201,baa370d8f8e417801cc6a3fe9c10f0b385befc796dfeb12a779d24200e7f0463,Control buttons were difficult to use and completely stopped working after 4 months. I would not recommend these.,2.0,FUNCTIONALITY,
202,2024ad2d367d7d14d52ebd91061299ec9a8dd3566c2f98b644ced2ba05ad34b0,"Love these ear buds, most importantly they’re very comfortable",5.0,NO_COMPLAINT,
203,ce860db210a9233b2c3221868b7e8b90aeba6c60c23f56f7e28e2fce1a783c89,I haven’t had a chance to use them for the purpose I bought them for but when trying them out they worked very well in general. I will come back later and let you know how they worked at the car races.,5.0,NO_COMPLAINT,
204,e0085841701f5696d5f8b24652e360dd2d396298cd8283fc77b3f4c5640350d8,"I received these headphones last night and so far they are pretty good. The only thing that I don't like is the fact that the wire to the left ear bud is very chewed up. There are multiple nicks in the insulation and it seems that the wire was stretched a few times. While I didn't expect these to be in pristine condition, being that I bought them refurbished, but I would think that the wires would be in better condition. There are nicks and scuffs in the headset itself but I was expecting something like that. The sounds quality is pretty good, but I think the HBS-750 headphones are louder. I like the fact that the ear buds are retractable which helps keep them from getting caught on things when not being used. Overall I would recommend these headphones, I just wish the wires were in better condition. UPDATE: After less than 2-weeks of use, the earbud with the chewed up insulation has stopped working. I will am planning on returning and will try another set to see if I have better luck the second time around.",3.0,SHIPPING,
205,eeaf528ef87de850294182b9c9ab8b4e0ff2afa23f26b905f4b9015be8a38aef,No instructions and can not find how you can go back 30 seconds,5.0,USABILITY_SETUP,
206,a6004c4e2da88c9f8232f83b308db263ebaaba534669c18e60bf1e84e93aa475,Excelente sonido y buen diseño,5.0,NO_COMPLAINT,
207,244f15fd88a676833c04d42c95912ecbf4a50c9e2b12c63d093d75af865edb6f,I wasn’t happy that only one earpiece works. No instructions or anything.,1.0,FUNCTIONALITY,
208,c57074e702b40120712cdacaf74cd305e172a308216fabcfa7e6ffa4163f9f54,"These sound fantastic. I replace the cheap flimsy ear pieces with foam ones that are more comfortable and better at noise canceling. This was my third pair that I biyht as a back up to my second ones. I left the first ones in a hotel. The first pair lasted 2 years, the second pair has lasted a year. This third pair is a back up set that I'll use at home so my travel kit will always have headphones and I won't leave them behind for work travel. Love these!! Just disappointed they broke. Would still buy again and again if I ever need to!",5.0,BUILD_QUALITY,
209,6ba6c4ca697fd1e256500b786e54361b67d8726bc7480be8f6fb0a40da58a3d6,"Great price for wireless ear buds! Has a nice charger case that the buds fit into, battery life is solid, sound is good, and they were super easy to pair, no instructions needed. I started working from home for the time being and while on videoconferences, these are a lot less intrusive and more comfortable than my wired headset.",5.0,NO_COMPLAINT,
210,17b012b7c99c8c73f8087fcdbf3fae2fc2e686a85d793e64d147c1cefca6c438,"These headphones arrived broken. Bluetooth cuts out or has a loud static noise if you are not within a foot or so of the device you are connected to. Very disappointing. I have purchased this brand and style for years, and have watched as they have declined greatly. The sound quality, as well as the physical quality of the headphones. Very cheaply made.",1.0,SHIPPING,
211,37cb8ee099a6a1288cfb03fa454b26ed4f04472efbafa4911948cb22a2c9a21e,No problems works well,5.0,NO_COMPLAINT,
212,906421150760e0fa80348806b72fb3bd68505f6a5d0fdce659d03db7fb094155,"The headphone band while snug is not too tight. The company who make/distributes them sent an email that was really helpful in fitting the speakers within the band. I just got them today and used them when I took my Sunday afternoon nap :) they worked better than I thought they would. The speakers work just fine, they don't have that hard lumpiness that you get with earbuds, the band w/speakers were comfortable, the sound was good, a bit muffled, but I turned up the volume to compensate which worked fine, the length of the cord was just right. Overall an excellent product.",5.0,FIT_COMPATIBILITY,
213,754ca63b7e49580e6560e67821cb63db153809bcd85bbeead087ebd80499cd58,First look. The update doesn't work. That's key. I'll update in a bit on this. The other issue is that the precision of the voice is poor to less than poor. The pluses: the fit of the earpieces are better than Apple and others; The cord is high quality. The various levels of sound canceling is overall good. Way less than Bose; but that's not the expectation. I rate this an overall pretty good. The 2-star rating is based on the inability to update when it says there is an update; and that the mic is overall poor out of the box. Libertone is known for high quality -the first edition of the Q adapt is below standard on first out of the box. I'll see how it goes in the next days. Update: After a bit of use; the overall level is good. The case provided might as well be trashed - the headset does NOT fit in it. PERIOD. It's kinda odd as it's a nice case. The other input I would provide is that it blanks out .. waiting to see if it's systemic.,2.0,FUNCTIONALITY,
214,ce2d8087f476fc7d07512cd60dde0ba5628163ba1d8fb6293ab69ff655e7002b,"I had a pair of Bose headphones, where one side always sounded like it wasn't quite as balanced as the other. They finally fell apart, so I searched for a new pair and found these Philips headphones. All I can say is that I should have bought these a long time ago. These Philips are wonderful and I am so glad I found them on Amazon. They are also very comfortable. I'm very happy with my purchase.",5.0,BUILD_QUALITY,
215,af32825489f0066f6e80a6f4621c33b602cd7a86f2c39ed82ca15457371ebfc9,It is sounds like there is a screen between the earbuds and your ears. Terrible.,2.0,OTHER,
216,c721f69380791efebe82ad47c5e708c907577dd527409b8918848cfc4311583d,"It has taken me ten years to collect my thought from this purchase. Only kidding, I saw that the review was incomplete and my OCD wouldn't let it go. I'm big on audio books, so this little goodie did the trick. Unfortunately, it has one of those 'too small to use except for Treo' jacks. It's great for hands-free use, and as I said above, audiobooks. Doesn't hurt my ears, but the sound is tinny. If you still *have* a treo, you'll recall its a little heavy. The little microphone clip helps control the chaos of the earphone (just one, not earphoneS), but if you drop the Treo it also acts like a bungee, saving your device. Yeah, ten years late, but still a great purchase.",4.0,NO_COMPLAINT,
217,0628b8fff4416ea023de1dc67683b5b6658741898df809630d8e41eab5a6a7f7,"The sound and quality are reasonably good, and the noise-cancelling exceeded my expectations; however, the frequent disconnection between the left and right headphones when listening to music in a general room is quite irritating. There is very little one can do to limit interference coming from smart watches, cell phones, computers, routers, etc. If the pairing process is improved in later renditions of the model, they will acquire significantly higher value. As of right now, they are convenient, sleek, comfortable, and sound fine. Update: The charging block does not appear to be working. If it is, then the headphones have an extraordinarily short lifespan, or maybe one of the pieces just arrived broken. For a new technology, that's really something that should be tested on every product before sending them out.",3.0,SHIPPING,
218,0dbf373effe019de59bfaf16bfd69e22bc0dc256f77903ffc03629cbfe4812bd,Product stopped working. Will not purchase again.,2.0,FUNCTIONALITY,
219,d256b9de55f4f833b13afe4956cf4da4b44ea0cd8a5f61e86ba94793fa784288,"terrible! left ear bud would never charge. ordered a replacement & had the same problem. spoke with customer service who walked me through all of the same ""fixes"" I had tried multiple times from researching google and youtube. still doesn't work. returned both, ordered Beats, work great right out of the box",1.0,FUNCTIONALITY,
220,06aadec7c1209543fa3d6cfed6190738393db32e65f2c32da9ffd66cbecc0875,Works great! And I love that I can connect via bluetooth as well.,5.0,NO_COMPLAINT,
221,ffd60899e499d953898143117db5648746baecd7d0907dd2df0b449c303a8798,"Exactly as expected. Decent build quality, connected to my phone easily. I have a phone with apt-x and the sound quality is still not that great. For this price they are fine. Bass is present and not lacking. the mids and highs aren't the worst I have heard. details are quite lacking in the music though. However, I got them to sound very good though using Viper4Android.",4.0,NO_COMPLAINT,
222,4b9b01ce81c3a7e062e6cb30999d6e99d73a7af23aabe238336b36e33b6cfb14,Sweat right through them. Stopped working in less than 2 months.,2.0,FUNCTIONALITY,
223,33de2f600ea5e8001b0527dea65e54249fb8c51bee6b0fe4a6203c7a02af83f5,It's well made and doesn't tangle as much as other Headsets. Sound quality is little better than average... Over all great buy.,5.0,NO_COMPLAINT,
224,954e2cd44db909cbb0284c47c8a99e05cc8021239aa9bf8635692adf7d112da2,Arrived broken- piece of plastic that loops over your ear was not properly aligned,1.0,SHIPPING,
225,e529e4eb6afa718e0533b4d9d992b36dd935c112038e529f5e2e44748af4b142,Edit: item stopped working a little after a month and seller was unreachable! Beware:( purchase at your own risk Super light weight and awesome battery life. I was just going to use it for when I go out running but now I find myself using it for daily use since the sound quality is nice and clear. Stays on really well and pretty comfortable too! I’ve had it for a little over a week and only had to charge it once so far.,1.0,FUNCTIONALITY,
226,a1dd177cfb5c3987f24ef7111ec3e0429970c142d1269695d1fe14cbd1e87a43,The fell of into the swimming pool and I was able to grab them about two feet down dried them of and still worked. They also have great sound and battery life much better than any of the previous 6 different brands I've bought. The good is that the second and third best give me more than 16 hours of talk and listening time.,5.0,NO_COMPLAINT,
227,5622638cccd2f4b1be304187c479e13baca00d1bf0223bf986aa83746d50dae3,They didn’t work at first but Bluetooth wasnt on. Even though they are wired you need to turn on Bluetooth for them to work. It came with no instructions.,5.0,USABILITY_SETUP,
228,5839c2656b41ce8167149957d820d4307c30abac831d309b967242ec6c7e720b,"These open-back cans are one of the best pairs of headphones I've ever used. With massive and beautifully accurate soundstage, these cans are perfect for listening to most types of music, and, when combined with an in-line microphone, they make an excellent gaming headset. The Perfect: - The open-back nature of this line of headphones provides a much more &#34;roomy&#34; and open listening experience. That is, these headphones emulate the sound of a large room or auditorium much better than, say, the ATH M-series, which, while being an excellent closed-back headphone series, feels like the sound is being pumped right into your brain. Because of this roominess, you'll experience better soundstage. You'll be able to hear not only the magnitude and tone of the sound, but also a more accurate representation of the spatial location of the sound, which is what makes it great for gaming and for listening to music with a lot of unique instruments, i.e., jazz, orchestral, etc. - The earpads are slightly larger than your normal over-ear headphone, but with good reason. Since your entire ear, or at least almost all of it, will naturally fit within it, less force is required to keep the phones positioned. As a result, these don't squeeze your brain like many studio phones do, and the fabric earpad material makes them comfortable to wear for hours at a time. The Less-than-perfect: - A downside one might experience with these is that they leak a good amount of sound out the back, but that's a characteristic of any open-back headphone. In return for the leakage, you get that excellent soundstage I mentioned earlier. Basically, don't plan on using these at work if you work in a quieter environment, because the leakage is noticeable to anyone sitting up to about 10 ft away. I use these as my home setup's primary headphones and they're quite perfect for the role. The Interesting: - The headband is a bit interesting, at least compared to the headphones I've used before. Instead of a traditional headband, these have pads attached to each can, as seen in the pictures, which gently squeeze your head to keep them positioned properly. Personally, I feel that the squeeze is just tight enough to keep the phones positioned comfortably. Some might think the hold is too loose, but that can easily be remedied by putting a rubber band around the pads to tighten the grip. Bottom Line: If you're looking for an outstanding, roomy-sounding, and comfortable headphone for your home setup, these are the cans for you. If you prefer to be more intimate and closer with your sound, look for closed-back cans.",5.0,FIT_COMPATIBILITY,
229,7e77070853d500e082b28dc41e7cb1df9ab7d45f698b001c961c08bf78ae2827,"This is my second head phone from this company. I had one for several years until it literally fell apart. After reading the specs on this set I decided to,purchase it. Best decision I’ve made in a long time. The sound is excellent quality; the use time is outstanding. These are much improved over prior headphones I have had. I hugely recommend these. By the way I’m a 87 year old woman with very poor hearing even with hearing aides. I live with my daughter and son-in-law so I need the headphones so I can watch TV without disturbing them.",5.0,BUILD_QUALITY,
230,69983814ec5102c157f4fc0644628ea966415ae80a3fa1c5afa18203cd007119,"Small edit: I forgot to mention that when i received them, there was earwax on and in the headohones. Sound quality was even but quiet. Even with new speaker grills there was little to no bass. The left ear kept registering that I'd taken the bud out of my ear when I hadn't moved. The major issue I had was that the passive sound didn't work at all. Returning.",2.0,SHIPPING,
231,db2d66e007b94f45df44b0fec647ceabedd8b6293b15bd54b7648e6cb6905ecb,"Had the bluetooth version first and was happy with them, but after they stopped working after about 6 months of semi regular use at work I decided to save some money and buy the wired pair. The sound is about the same, but the wired earbuds don't fit as well (the hard plastic piece inside is larger) and the volume buttons are in the wrong spot. They are by the audio jack side so they sit in your pocket next to your phone where they inevitably get pressed accidentally and serve no purpose since if I have to reach into my pocket anyway why not just use the phone buttons. Pretty massive design flaw. Would not buy again. Either get the bluetooth ones or go with a different brand.",2.0,FIT_COMPATIBILITY,
232,1a643596bf490d0d38640d25dc276a7dd8c8629997916b6a29b0d7dd32a10695,Very cheap. Fell apart at the second use and all wired were exposed. Returned.,1.0,BUILD_QUALITY,
233,d24c021e8544dff8105cfee6c5ec13e5267254d0f6a163704807bd3ad85e2556,"The sound on these headphones is satisfactory but nothing to write home about. I would go more in-depth about the sonic characteristics of these phones, but there is really no reason you should buy these in the first place. Why? Because the plastic hinge on these WILL break on you. Every single review I had read about these on various websites remarked about how the the plastic hinge breaks with normal usage after a short amount of time. However, I thought that maybe these folks just had bad luck. So I placed my order for them on Amazon, and--guess what?--they arrived broken at the hinge. If it cannot even survive the shipment [in a carefully packed box] then do you really want these phones? A complete failure by Beyerdynamic.",2.0,SHIPPING,
234,45e85e1acb4ae6cdf282b6133c7182aa2a552b8c2c1b571ee7b04836bc98ed6e,"Good Sound, Little Uncomfortable, but other than that! GREAT BASS & SOUND!",5.0,NO_COMPLAINT,
235,d152d95f32308169d624bd59e3ec053589e3dd8f1fcd2610951bc94dd3fb6285,"The ear piece on one end is supposed to be held on with a little snap-in plastic part. I took these out of the package to put them together for my 91-yr-old father. That plastic piece will not snap in. There are no instructions. Either a small tube of super glue should be included or better yet, this item should be discontinued! The first set had the same issue- my sister ordered those and I thought my father broke them accidentally so I ordered the same ones. Junk!",1.0,SHIPPING,
236,7a2188d18b9e2642b810bea8a04f717b2eae03264ca6e0358b56ebf6d67eaed5,Awesome product,4.0,NO_COMPLAINT,
237,89e61460166444efedcaa6671b57624399e14eee8fb17a2b14f59448de53a4fc,Gift for my daughter who says they are good headphones. She uses them when riding in the car and I can't hear her music or game noise.,4.0,NO_COMPLAINT,
238,7cfae7355845d4b49d34be3f619cb376f2893941d9bedd38fe583411be9e9b1c,"Whatever people said about these headphones not being loud enough is, unfortunately, true. I though perhaps they were wrong, but no. I wish I believed them. I had them at max volume pretty much all the time. And yes, my volume was maxed out on the iPod/iPhone as well. The sound is very disappointing overall. Exaggerated mids and highs and weak low bass and almost no mid-bass. They completely lack any punch if you listen to electronic music or rock. I usually have my iPod EQ set to Electronic and that gives me satisfying sound with any headphones I ever used. With these headphones, at this EQ setting, the highs were so terribly exaggerated it was impossible to listen to anything. I had set the EQ to Bass Boost which gave me more bass and reduce the highs, but the sound was still weak. The SRS makes it even worse. SRS is a terrible gimmick. If you make a quality gear there is no need for gimmicky sound processing. In my opinion SRS just destroyed already weak sound by increasing already exaggerated highs and scrambling already weak bass. I was very, very disappointed. I expected much better for $300. Noise canceling (NC) is also very underwehelming. When turned on, it makes the sound even worse, even quieter and flatter with almost no bass. My 5+ year old SONY wired NC headphones do much better job at noise canceling and produce more powerful sound and they were around $130 when I bough them years ago. Again, I expected much better from the latest technology for $300. BT doesn't add that much to the cost. Also, NC introduces weird audio artifacts. It's hard to explain but the sound is really, really weird with the NC on, like kind of reverse stereo, polarized sound, I don't know what to describe it, my old SONY headphones don't do that. On top of that, when there are sudden, loud low frequency noises, such as when the bus hits a bump, the electronics completely freak out and create loud, unpleasant thumping and fluttering counter-sound, which is unbearable after a while. I ended up not using noise canceling, it was that bad. Again, my old SONYs don't do that, unless the sound is really loud, like being passed by a big truck few feet away. These Sennheisers just can't handle any loud sounds. Without NC, they don't provide enough isolation. They do a passable job without NC indoors, in a quiet environment comparable to any average headphones that sell for quarter of the price. But due to the poor electronics and weak sound they are useless as noise canceling headphones in any real life, noisy situation. The cups are too small, both the circumference and the depth. I don't have big ears. I never had this problem with any other over-the-ear headphones. This is the first time. These squeeze or pinch my earlobes, there simply isn't enough room inside the cups. I found myself constantly repositioning the headphones to relieve pressure on my earlobes. There simply isn't anything positive I can say about this product. Weak sound, poor noise canceling and uncomfortable cups add up for pretty lousy experience. Considering the price I was unable to justify keeping them. They've gone back. Anyone who describes these headphones as having ""great bass"" simply doesn't listen to music that contains deep, punchy bass. Bass response of these headphones combined with low volume and inefficient noise canceling is simply weak.",1.0,FIT_COMPATIBILITY,
239,f8b11a98a361a328106b696de55d6bd949387056daabc73902195c253d8108ad,"First, this device works great as a Bluetooth device. What I like about it is that the radio can be kept a distance from your head. Second, I can plug a cable into my home stereo system and the other end into the ear bud socket and get Bluetooth connection to the speakers wired to the stereo system. Thanks!",5.0,NO_COMPLAINT,
240,7af77573e2bff2a0764057f7d62a6085530e5feebb5e11fa2753a5d98cb5ba4f,It was great except for the black and gold pair. They arrived broken.,3.0,SHIPPING,
241,851c56b1339533667250f5babc046bd962a9c56f1c6ad9edd2b5bf31aa76b5ae,"They sound ok, but they are a very poorly designed set of earphones. The cord makes a lot of noise, when it rubs agaisnt my clothing and at the table. They don't feel great inside my ears and it is very uncomfortable to wear then on the go. I also must say that the cord is unnecessarily long. I am 6 feet 3 and there is too much cord hanging when I stand up. I also tried then for a quick run and hated the experience! I really wantes shure phones, but I am already searching for another brand.",2.0,FIT_COMPATIBILITY,
242,45feb3073f51bd9864d229a546f68bad805034758bcb5792020f6a5d801bd951,"I bought this to replace a Tozo set. This is what I found: 1. The battery life is superior to the Tozo but no way does it last 7 hours. The Tozo lasted about 2.5 hours and the Anker about 5 hours. Much better but not what they advertise 2. It is a real PIA getting the Ankers out of the case. You have to fumble quite a bit. I've resorted to using a small screw driver to lever them out of the case. The buds are very smooth and difficult to grasp when in the case. 3. Sound is very good-excellent for my purposes. However, I listen mostly to podcasts rather than music. I would leave it to the music aficionados to make further comments. 4. This is what bugs me the most. I made a blue tooth connection to an Avantree blue tooth transmitter to listen to the TV as my hearing is less than good. The Anker simply does not always connect and when it connects it sometimes takes too long (1-2 minutes or even more). This is not the fault of the Avantree because my Tozo and an older Skull Candy Hesh 2 (which I gave up as it was way too uncomfortable) connect much more readily. On several occasions I had to disconnect the Avantree and reconnect via Bluetooth. Frustrating 5. It comes with practically no instructions Would I buy it again? Not sure",3.0,FUNCTIONALITY,
243,3e096bb5e8cd857ac7c4ad9df5b5b5438562fecf18767a9b4a4be28ab0ff291f,The box was crushed and this is what they looked like when I took them out of box. Before the day was done the whole earpiece fell off,1.0,SHIPPING,
244,ab6680d8e1be0b0befa39c557df193b48f5af6c8b509023160b63f3b578c4c53,"Two problems: 1) Item purchased as ""new"" but came without a factory box and just wrapped in bubble wrap inside a generic shipping box. No warranty, no instructions sheet. Paid ""new"" price. 2) Sound quality. Compared to similarly priced units, lacking highs, sounded flat and boxy. No way these headphones could meet their advertised Frequency Response: 20Hz - 20kHz. They are likely down 10db beginning at 6,000 Hz.",3.0,SHIPPING,
245,62dd68ecdf3b70e320f51c4096841419670f08041f59fc0bf1c8e7b39b20d2c2,"Very good sound quality, nice and clear for the price. HOWEVER it doesn't fit well for SMALL ears. I have switched to the smallest earbuds already since the others don't fit and it still feels weird. My main concern is being able to use it for work outs since they fall out. I can push then buds deeper but it just creates a uncomfortable pressure. I've had better earphones that fit better than these. It does have really good sound quality though so if you have ears big enough, it delivers as promised! Pros: Good and clear sound quality Stylish Nice packaging and container Cons: Too big for small ears Bass is still a bit weak Earbuds easily wear out",3.0,FIT_COMPATIBILITY,
246,6368ad1e2e07ffc409f44b7cf209e2ed57cf83c8de93be1f4b5fd45b6fa02a8e,Easy install,5.0,NO_COMPLAINT,
247,f627fa9097f4c67ff80386f216e4a68307267c4bcf6a3fa2b8422bf9b603079f,"Sound is a bit disappointing but the big issue is size. These are too small and don't fit well. I have an average size head, 7 1/4"" hat size, and these only go about half way over my ears.",2.0,FIT_COMPATIBILITY,
248,8fcb2aa6f7cd1cece1bf41f84bb24b68b11cd2a0b0850f139e0ccf7d178e1fe5,"Overall, these headphones are really good for the price. I only use them for the gym. And I can have about 4 sessions of 2-3 hours each session worth of battery life before they need to be charged. They stay in the head pretty well. I primarily strength train so I'm not sure how well they do for cardio. Anyways, the only reason I give 4 stars instead of 5 is because the ear pieces stink even though I clean them after every session. The sweat gets soaked into them and there's no way to get them out.",4.0,OTHER,
249,57fc2eacffee93ef3cfa6acf5d50b8a2404c284d47448236bd7237bf3c063d6c,These are great for the price... Son loves them,5.0,NO_COMPLAINT,
250,de5a7f9e4ad5279cc63336039f21bf087f8a452e1fbb15ab00db0828be2917a4,"Cheap, comfortable and decent quality.",5.0,NO_COMPLAINT,
251,020cb844bce07c0a1a49cd2ce402ff1b343c462ddea16d67ab6fd6092b1081a5,"Cheap plastic, flimsy construction, too tight on my ears- really painful with earrings on, yet at the same time blocks little exterior noise, extremely poor sound quality- using the EQ control only helped a little, constantly glitching/static and dropping the signal, poorly designed and hard to use controls- and this is my impression with only 10 minutes of use. I'm sending these back right away.",1.0,FIT_COMPATIBILITY,
252,0c1c391a800093f0a37a98c37d4b5c3a1429fc5aee00d640d4f9b1dd436bb74d,I lose connection when using the right headset Getting frustrated with these earphones,2.0,FUNCTIONALITY,
253,eb52391cdd6ab44159e592ad4ac1a0a84d45425fc6204a45726c85d72e2bdb7a,Perfect - thanks!,5.0,NO_COMPLAINT,
254,99b861e470f63563504157678d6663d38954bdc16c98dd1426131280586282f0,"Ya know, I got these after one of the Discord groups I am in recommended them. I am NOT a BA (Balanced Armature) fan. I MUCH prefer the DD sound (Dynamic Driver) as the bass and mids to me are much better presented but, that conversation/fight is for another day. I have been listening to the AS-10 for about 2 weeks now and I like them. I do not love them but I like them. VERY well balanced sound throughout the sound scale. Bass is present and decent. Mids are nice and smooth. Trebel is nice and well presented. For the price, a VERY solid set and one that can be easily driven from your phone or iPad without the use of a portable AMP. Now, let's talk about running it through an amp. No need to crank the AMP. I use a well-known AMP (actually I have two of them, one for the desktop and one for the laptop) and I find this is where the AS-10 sounds the best. It seems a little more balanced power across the spectrum allows the AS-10 to shine just a bit more. The clarity is fantastic. The bass seems to have a little more presence and the mids are right there in your ear. Overall, this is a very well balanced set and one I would recommend for music listening on the go or even off a desktop/portal DAC/AMP setup. I DO NOT recommend this set for gaming. As a matter of fact, I do not recommend ANY pure BA setups for gaming. Yes, you can hear the sound from the game but, in my humble opinion, BA's el-sucko at the positioning of others in the game. Meaning, yes, you can hear others in the game but you cannot tell where they are. Behind you? To the side? You end up spinning in circles trying to find your foe while he/she unloads on you. You need a good DD IEM or headphone for gaming. Music = Very good. Gaming - Oh...no. Good luck.",5.0,NO_COMPLAINT,
255,8a83f7f634b1d36bad18002e4636863b8a466af1e1fc7f56e1cdc8acbf9933cc,I can still hear noises. Battery don't work long. And least then 6 months they stopped working. And Panasonic will not replace the item.,1.0,FUNCTIONALITY,
256,a7b24f01798fa911c3a813c6c3966b4a2a16ed4b4dae7ecc01eec9bd6ec96f70,Great value and works well!!!,5.0,NO_COMPLAINT,
257,7b1f61da4fdc22f13a927600b3ce3c9f13a9a01ba9ef4acec12a121f853677e0,Product worked fine for 3 months then the right headphone fell apart.,1.0,BUILD_QUALITY,
258,a911e0f450693e9e5323b8b84ec296d07dffe636a74333bc4178ccde116f5d73,Great sound quality. You just have to find the right fitting pair of ear buds. They come with a variety of sizes.,5.0,NO_COMPLAINT,
259,1ad3343febbb804e63dd501baa5361d21d499899b8955e476b256793694f3cdf,"My 9yr old loves this headphone, makes a nice gift 🎁",5.0,NO_COMPLAINT,
260,19e436d542ef52393135cf9aed9484da5b0825948767089a96cbcb0afe80e4bb,"I've had these for nearly a week now, and here are my impressions so far. First though, I had been using the Klipsch S4 earbuds prior to these for a few years now. I liked them, but decided to try these for several reasons. First among them, the S4 buds were high quality but very low durability. The second was the significantly higher price. KLIPSCH S4 DURABILITY CONCERNS: After quite a bit of use, one bud fell apart which I was able to repair with glue, the cable had cuts down to the wire, and the plug had been completely broken but with some soldering and rubberbands, I was able to makeshift something of use. RHA Buds: So far, I don't have any negative opinions about the sound quality. I think the S4 buds with the bass booster had more base built in, but with a tweak to my equalizer, I'm perfectly happy with the RHA's base. Tone is just as clear as the S4 buds, and they are just as comfortable. The fabric cable does have a greater tendency to become more tangled over the standard rubber cable. But if it results in greater durability, then I'll gladly make that trade off. Overall, I'm very happy with this purchase.",5.0,BUILD_QUALITY,
261,b105b227cb37ac09a06b879aa2bc683f289ccf85f569ea29344dbfc4d8047e32,"UPDATE: DO NOT WASTE YOUR $20! I READ THE REVIEWS BUT GAVE A CHANCE. BIG MISTAKE, THE CHARGE PART FELL APART, AFTER I WAS ESPECIALLY GENTLE BECAUSE OF THE REVIEWS. MY OLD PAIR STILL GONG. I WILL PURCHASE A BACKUP PAIR ELSEWHERE. I purchased another pair, so while charging one pair I've got a backup. I use for basic stuff, videos, phone calls, so I can't really attest to music quality. Good sound for my needs. Good quality for the price imo. Paired easy. The ear bands are not adjustable by bending anymore but will suffice, still comes with nice little case & extra ear pieces in different sizes. Hopefully the charging area will not fall apart like others have mentioned. Overall happy with my purchase.",1.0,BUILD_QUALITY,
262,fa47e0b198fe41989ceccd9eb2cba05445072499472c5fb2cf140a84c7009c9d,I used this the day it arrived. I've had it a month now it still works great. i connect it to my computer to watch movie. I connect it to my Ipod to listen to music. I connect it to my phone to talk hands free. It works great.,4.0,NO_COMPLAINT,
263,a479885ed19891571765871eb02f00a6aa9fb13f2266bb794c3f6bbf6908cb02,"Ordered once and they arrived, broken. Just wouldn't turn on. Returned them. Ordered them again, and they again arrived broken, wouldn't turn on. I have the backbeat pro's and love them so I was hoping for a reliable exercise pair but these seem to have a high probability of arriving broken.",1.0,SHIPPING,
264,f7788d3b6342120075085e015f2a6265fb68f37a53cf7604cf9cc2af5c3165dc,"Terrible. Earphones worked well for about 2 months, then left earbud stopped. Went to soundpeats website to look for troubleshooting help and warranty info. It was virtually non-existent. There was a Q & A about resetting the earphones as a way of troubleshooting but no instructions. Sent email but so far no real response. Save your money. They look nice but the company does not stand behind it's product.",1.0,FUNCTIONALITY,
265,9c50a20cb6fd574af76b0850abb67fcd8d5ca76b53a5fa2b98fe30f225050999,"It didn't meet my expectations. I was looking for bluetooth earphones that could change tracks easily. You can change tracks, but it is the same button as the volume. It states to change the track you hold the volume button, but it was very inconsistent about when it would change tracks. Though more than half the time it wouldn't change the track at all no matter how many different combinations of pressing the button I did (hold for 1 sec, 2 sec, 3 sec, press it 2x, 3x in a row). Also, there were a lot of different ear piece fits and it was very confusing about how to use them. There were no instructions on the orientation or function of all the different pieces.",1.0,FUNCTIONALITY,
266,b2a4bb61820c3b57d3c216435ff4b0fb3c93b4c229302b482da163519db96970,I have never been so disappointed in a earbud before. I bought 2 because I loved the design. The first day I used it the retractable mechanism broke as I was trying to retract it. I started using the second one because I thought it was a fluke thing. But after about a week of using that one the right earbud fell apart and is now in 2 pieces. I would not waste my money on this ever again.,1.0,BUILD_QUALITY,
267,88850a949125715ad91b2b5000aa640c42e63f27f05ab28ee568482238fd3409,"good product, although still a little big for small ears. but the price is really good for this product.",5.0,NO_COMPLAINT,
268,c4134ba622bb5e6e4c2af70c86abaa1a75a2f0806e0747967721f9ac379e2ecc,"Works well for zoom meetings and apps on computer. I’m a remote teacher and purchased this to make life easier and to hear the students better. However, I have little ears, does not stay in my ear, keeps falling out, even with the the included sized rubber adapters. And hurts my ear.",3.0,FIT_COMPATIBILITY,
269,300257242c825cca7155c51da537a18af32e19ce57c3c38e23cd458017e1b5b6,It was great for about a week then totally stopped working. Tried to pair with another device no luck. Can't recommend.,1.0,FUNCTIONALITY,
270,c11a5955830c6836fd9535b5f4fb5914f5d0545570580a2be720b356c7f9bc3e,"These have amazing sound quality, great noise cancellation and fit like a glove. I love that they come with extra pieces to make it a more custom fit. The package arrived well packed and I LOVE that you have the ability to charge your phone from the case! I loved the previous model but already know I will reach for these just for the sound quality! I really like that there is an led display for charging feedback on the ear pieces and how far along they are to a charge. The charging port also has a rubber closure that keeps it free of dust. Looking forward to these for the noise cancellation for meditation and bilateral neural beats. I really can’t get over the sound quality. Love these! They are also super secure in your ear for working out. Comfortable as well! Overall great purchase. Highly recommend!",5.0,NO_COMPLAINT,
271,7a8f631866f1fdfa874907575d6fb69dcb0f7c569d6587191bbfca6c71ec3c10,"It took forever to get here (came from Hong Kong). No instructions, yet easy to figure out.Sound quality is really good! For $3.40, it was worth it. I highly recommend this provider if you are not in a hurry.",4.0,NO_COMPLAINT,
272,d087bf1fdb197fd0a6851e07ee083e6b1109b62ad699fed0d010a2d3fd2d3019,Broke in 2 days. Fell apart,1.0,BUILD_QUALITY,
273,30345b8c6b524a4a4a0d7dc4b53f419aed5b3df913f564970ea99c26ad1c8568,"If you want the best possible sound quality Bluetooth headsets, get an AudioTechnica AT-PH05BT - a standalone Bluetooth headphone receiver/amp. Add to that a better headset. If you like Sony, I like the MDR7506 A LOT. Sadly the AT-PH05BT is only sold in Japan, but you can order it via Amazon (see my review on how to use it). But back to reality... Do not be misled by Amazon: the MDR10RBT IS NOT A NEWER MODEL OF THESE. Sony still makes these and quite honestly there's really no comparison. I can tolerate the MDR10RBTS for certain kinds of light classical music, but only when I don't have these with me. These still are not perfect-enough sounding to rate 5 stars. These are quite comfortable; the sound stage is just about right; frequency response is too bass-heavy (worth 1 start deduction), but not excessively so; the sound quality (other than the bass) is quite good on what I've heard so far via internet radio w/Bluetooth (Verdi Requiem, #4 of Richard Strauss's 4 last songs and J. S. Bach cantata BWV 35). The large orchestras sound like the hall is too live (bass again); the vocals are crystal clear and quite beautiful; the organ and harpsichord (a tad unusual in combination) are excellent (organ is one of the few places where extra bass is almost good). The sound is involving, but not riveting (see my review of Shure SRH-840 (wired) - those are riveting). Not being riveting is not a bad thing if you're trying to listen and do other things at the same time. The JVC HARX900s (wired) are also good in that regard. Bluetooth reception and signal processing are excellent. Even on Bluetooth, the sound is not fatiguing (modulo bass again). Because of the cleanliness of sound there's a temptation to play them too loudly. All cans are fatiguing when they're to loud for too long. The documentation shows 2 different audio cables. Mine only came with one (as did my MDR10RBTs): the regular 3.5mm TRS sound one. The mic/phone cable (with TRRS connectors (two rings)) was not present. Despite warnings to the contrary, any high quality cable with 3.5mm TRS connectors (one ring) will work OK for regular listening use. I use my Shure SRH840s for critical listening and my AKG k240s for casual listening (or my JVC HARX900s for even more casual listening). These are an acceptable wireless alternative. They're pretty bulky to carry around (other on one's head): they only fold flat; the don't collapse. I also replaced their nice-but-a-tad-tight pouch with a large GoodCans one. I use this one's pouch for my mdr10rbts, which come in a pouch that's way too small. Bottom line: They're steep, but not out of line and for Bluetooth headsets (without an intermediate device) you can't do better.",4.0,FIT_COMPATIBILITY,
274,2c079ea6b27d6e277d82f9fe472674db3fb31ae1738b500f942878f7ef1f9c0a,They never worked. Not a sound.,1.0,FUNCTIONALITY,
275,05e25068e7729a7be21025224f0803080fed2ce3b017f819b20c01e1ac7d3f83,"Sound is great, has a good bass to it. The battery lasts a long time, as well as the earbud is more comfortable than most. Really enjoy these and use them every day.",5.0,NO_COMPLAINT,
276,e26cc5414482e113cac633b6d75520184ad798a5cf8054afee4b98e2df976789,Sound goes in and out for about the first 10 minutes or until it gets warmed up! Drives me crazy! And good luck getting the company to respond to any concerns you have. They’ve got your dollar and you’re now history!,3.0,FUNCTIONALITY,
277,eb7954a0a52f1cb2658e39fca9e2b7267b85a912f411eca6ffdb407c2d8d7c73,One of the ear pieces fell apart after a few uses and I mean maybe 5. but before that it was a good product.,1.0,BUILD_QUALITY,
278,f88d306133a88299f7d0650de0817df5eb65e553baa83de0bc6abb10401f4bd6,"Cord fell apart within 1 day of use. The part that fell apart is where there is a volume control, it literally came apart causing the wires to separate making the headphones useless without a new cord!! Now I will say I can use an regular auxiliary cord and make these headphones work. However I shouldn't have to buy another cable a day after opening a new pair of headphones. Please also note this review is for the blue/white ones with the volume control. We also have a pair of purple/white ones that do not have the volume control and they seem to be holding up fine after 1 day.",1.0,BUILD_QUALITY,
279,67d03ff15a01b1dc75146b99e334d2412ae52bda1ce7f44267db15f335c658ea,I wanted something similar to apple AirPods since those do not fit into my ear properly so I purchased these and they are perfect for my needs. Highly recommend!,5.0,NO_COMPLAINT,
280,28d7d28662d82fa295f069abc6fda495b087cbbe6e846cb964e2d8a3cb4d6247,"Good product for the price, charge lasts about 2 hours.",4.0,NO_COMPLAINT,
281,bc8dad0fe1168add483b2b3e9b317ff74cb534575cfb5b60a0b2235c8eecf5d2,Love the sound and supper bass on these phones. I'm using open year phones for the first time and liked how you can hear the music and everybody around you. Perfect for travel and driving. These phones are comfortable and I can use them for zoom calls and phone calls all day long.,5.0,NO_COMPLAINT,
282,e823045a0c8edbbc23c6be5639008e8270d246efe6ad5f43fa875c2e8fcd986d,Works great. No issues with pairing or operation. Holds charge as expected. Works and appears just like a new unit.,5.0,NO_COMPLAINT,
283,ffe436ff1fd90cbecdc27b46de6260531d8c5fa7f3a90d92f789c82a1d43f032,"After a run, I was stretching and then left the park. I later noticed I was missing an earbud. I looked everywhere and could not find it. A week later I parked in the same spot and was stretching and saw my earbud on the ground - the amazing part was that it still worked because over that week there was an ice storm and then about 6 inches of snow. It still works without a problem.",5.0,NO_COMPLAINT,
284,ec7b7605ca5f822cfc96ab4cb9c6314b1ea163e5659f41455927f99902f41254,"Very poor quality, I bought two of these headphones and they both fell apart quickly. Sound quality not very good and microphone did not work",2.0,BUILD_QUALITY,
285,a3c793e46f8537e223d605586730a017ee8dc0583e756c85a94058f9edc4420c,this product arrived broken,1.0,SHIPPING,
286,63c1573001ce60cbda02bf4863f42572a7a3f057c3be6091dff6714186e86d4d,"Got these as a gift for my daughter and she really likes them! Sound quality is great, comfortable to wear, such a pretty color! She uses them with her iPhone and they works great! They are also a great quality and are very durable so it’s great for kids!",5.0,NO_COMPLAINT,
287,ba1653ea58dea62b391081c873fe2759f73fad560504c8d09269ff2754358244,"I love these, but after about a month the small mesh wiring around the area that the earphone tips attach to come off (for an unknown reason). Not the best for bass sound either, however, you still get great quality sound in comparison to many other earbuds. I especially love the fact that they come with so many earphone tips. Unfortunately, I have small ears so a majority of them don't fit my ears, but I appreciate the willingness to offer extra.",4.0,FIT_COMPATIBILITY,
288,f296e2a5a383d414158e6f530582a6a13e434e6fdea8602d0f056b735e3e0506,Comfortable enough even though the band would slide down on my forehead. I guess my head is too small. But I've only use the headphones a handfull of times and the right side stopped working. And I can't even return them for a full refund because the refund date expired 7 days ago. Definitely not worth $39.99.,1.0,FUNCTIONALITY,
289,e2a21cf6250f0a2f22b6d2e51662d7f9c319e666a685e7363ef6d9b768cd6253,They stopped working about 2 months after I got them.,2.0,FUNCTIONALITY,
290,302dc621df6c17e35a1d7704bef198759235029cfddb595f93f4d0a4c935cc3c,Perfect for airlines etc. it has the 3.5 m plug. However I bought a good adapter so I can use them with my iPhone 10. I love them. The only drawback is when I listen during the night my husband says he can hear a hiss and it bothers him. I however can’t hear anything in background at all,5.0,NO_COMPLAINT,
291,342023a80ab6b56f04c998793d6ec187043e0d99057bd3c84927b69eb60610ac,Won't charge and doesn't work after 7 months of light use.,2.0,FUNCTIONALITY,
292,746ac5e414d81a44fd0548a945e58201050cdf099a5aa6f5421af46ad208c593,"Frist pair fell apart after a year of use, but Symphonized sent a replacement. Have the new pair for about a month and they work well. Will try to update this review in a year.",4.0,BUILD_QUALITY,
293,7f7cc9eb172c48fe531981b0257efdbe180e59ac277cbefe9b9d7afe08e36fb0,Item stopped working in one ear this week. I don't think I abused it. Nice sound but now that it stopped working they are not worth it. I'm beyond the return period but I think they should have worked much longer than this.,1.0,FUNCTIONALITY,
294,205a75eed2c067e391bdd3f3936bd283b7a1b7a372ef9e15b537826d2e9c5227,The headphone earbuds fell apart within the first week; don't waste your money.,1.0,BUILD_QUALITY,
295,17d67b95e1f1bc256978aefcffb0d471ea66b4897dc1b33f0f62b7c0c2ff52d5,I bought this and used it regularly when driving to obey CA laws. Only real complaint is the rubber ear pieces don't fit my ear as tight as I'd like.,4.0,FIT_COMPATIBILITY,
296,96878b59c546c2d752383ec8f6764b28a7cdcc008bdc8196ad285dcfe50a12e2,They arrived broken.,1.0,SHIPPING,
297,5e9719ca880c23b2a3e2199aaaa1cf09cc630789e078b5fde6e983d616ae74ca,Awesome product. Works well. Nice clarity.,4.0,NO_COMPLAINT,
298,1f450460ef88e4b55f1c5e052002efb4d238a16368d8adac38819a6575c64ae8,The product came with no instructions whatsoever. There is apparently no means to assure that the pads adhere to the speakers. Mine were continually falling off. They work acceptably otherwise but the headphone pads are certainly not the same as the original equipment -- which my dog chewed up!,1.0,BUILD_QUALITY,
299,9dd6509e989118b7012bed89d3e791abed72eeceda07aee80433de35fccabbdb,"Decent sound and they feel comfortable, but flimsy construction. They fell apart after a few weeks, and they've just been sitting at my desk.",2.0,BUILD_QUALITY,
300,757fe802c7d5d92b2a060c9463f6ffb41129b9226c7ff1249ca5c0e7484003cb,Terrible audio quality & earbuds don't fit inside ears.,1.0,FIT_COMPATIBILITY,
301,80b484120c7b7f8bf40a17f2e9e7c8d6f4502dd7d6d5987ff527f7d46c5d6379,"The microphone on the right earbud stopped working after 4 months of owning them! It's a shame, cause they're a great product so I'm disappointed they didn't last.",1.0,FUNCTIONALITY,
302,74c85a7e307b5056c42da0ae3ab9a9bc9e21409bc417688b927c4e1565e82716,"Solid sound quality, good ear fit, well-designed charge case, strong battery, and THE WIRELESS WORKS PERFECTLY!!! I've tried the B&O Play E8, Bragi The Headphone, the Jaybird RUN, and the Erato Apollo 7 (basically all the contenders I could get my hands on), and NONE of them had reliable wireless performance. One earpiece would cut out from the other, or both would disconnect from the phone, with all of the above headphones. Only the Jabra Elite Sports work reliably. I've had them for almost two months now, and I haven't had a single audio dropout. Which is amazing given the issues all of the competitors have. The Apple Airpods also have great wireless performance if you have an iPhone, but I need some sound isolation for my morning train commute, so their fit/style just doesn't work for me. I added Comply foam tips in lieu of the included silicone or foam tips from Jabra, and I have pretty good sound isolation. The charging case also works perfectly, which wasn't the case for the Bragi The Headphone or the Erato Apollo 7--maddening to put your headphones on for your commute and have a voice start saying &#34;Low battery&#34; after five minutes. The Bragi and Eratos had poor designs for the cases, where the headphones wouldn't stay seated in place no matter how particular I was about the process.",5.0,NO_COMPLAINT,
303,aa9483f13b72ad386ebec4de883dd90a2a4274725dbc7738a70c16cd087215a9,Purchased for class. Simple and work well no issues,5.0,NO_COMPLAINT,
304,081598fdf57ae6d373d8bed10e6878b786ce90b4badb8db4e72b2e1bcbbee18b,"These are absolutely amazing. Sound quality is great, although maybe a bit too much bass, as one another reviewer said. No issues at all with cutting out on calls, music, or t.v. Really wish they would've kept the USB-C for this model. Honestly doesnt make sense why they would revert back to micro USB. ANC Does work well. Although I have nothing really to compare it with.",5.0,NO_COMPLAINT,
305,cf948932f52ee85d8a4fb2280f51eca33485c10d21b25b4fc75244f2ec424a84,"Great purchase! Used as ear plugs at work, use both as noise reduction and playing music doing yardwork.",5.0,NO_COMPLAINT,
306,a51c5857f992e70151546fcd54b39f7d97470e237a4db74c29f1e85b0be94e8d,Fell apart and Tozo immediately replaced the ear buds . Thank you Tozo customer service was great and expedited the delivery,5.0,BUILD_QUALITY,
307,93e1d4d5d6ca2d45ced999071e1e9a3fc6fb2524e72975c7237d5afb12e46583,"I have been buying Skullcandy headphones since The aviator model. The newer ones are mostly cheap plastic, this one arrived with a broken connector to the right earcup, the headband and earcup are connected by a piece of cheap plastic that arrived broken. Refund Bah humbug!",1.0,SHIPPING,
308,d8b26645642393647c1895deb9c6b6099e319f40c951c43b9256ec8b80f35098,"Ok, first of all people are saying no instructions, yes it does, u have to look harder, in box on the sleeve that bends, back side, slips out, about 5 X 8 instructions, use a magnifier cause super small print, but do u really need them? U plug into the side with the volume call cord and put in ur iPad or iPod or iPhone or whatever and u listen simple as that, the other cord is for sharing only if u want to sync music or share.",5.0,NO_COMPLAINT,
309,cc15b1f11854b033bcc80bb4848ad697230a8a490e48b66a5c3afec35966e705,"First off, the user manual is useless unless you can read Chinese. The only thing in English is troubleshooting. There are NO directions at all. So no instructions on how to pair or how to work controls. So I had to come pack to the item page to see if I could figure out how to even pair them with my phone. Then second issue is you only get 3 hours use time per full charge. Makes it rather pointless to have earbuds that you can only use 75% of the time. Use for 3 hours then charge for an hour. It won’t even last through a full work day. Just unboxed these and going to repack them and end them right back!",1.0,USABILITY_SETUP,
310,4a71036af1ce6806cb3697eb065b4d84efc2695dccad3db2adfccdba5d4df31b,"I bought these for my son. His Beats Solo 2 headband cracked (go figure. We paid 150 for those). I always test out the kids' electronics, so I have an understanding of how it works before I give it to them for obvious tech support reasons. The Beats always sounded nice, but these blew me away. I have read many of the interviews here, so I will go through my experience: 1. Charging. They charge nice and quick. (Not sure how long a charge holds. I saw 15 hours somewhere). If they die and you do not have a charger nearby, just use the supplied optional hard cable to jack into your device. 2. Wired quality- Very clean smooth full and rich. Loud but not super loud. Somewhat better than the wired Beats Solo2 we had. 3. Wireless quality- Freaking powerful! Way loud and full. Again, this is for my kid, I am somewhat an audiophile, but as long as there is no distortion when listening, I have no complaints, especially at these volumes. 4. Pairing- I had no problems pairing this up with my phone. In fact, I turned it on, held the Bluetooth button for a few seconds as directed, scanned for the headphones on my device and there it was. Paired and listening to music within a minute. 5. The tricky part... because this is for my kid, I understand that initial pairing might be cumbersome (like above), but subsequent connecions should be automatic-ish. So I turned it off, then back on and it came right up and connected automatically. 6 Touch controls. Worked perfectly and seamlessly. No issues for me. I didn't feel they were overly sensitive and they were not bringing up other apps, making rogue calls, too quiet, too loud, randomly fast forward or rewinding... AT.ALL. For me. 7. The jacks were secure and not loose. No falling out for me. 8. Bluetooth range. I made it downstairs in my house with several walls in between with no issues. Outside, there was no interference with the wind on the mic. 9. I did NOT test the calling features. It is not my main reason for these, as it is a nice to have, again, since this is for my son. I paid $75 for these listed at $200 originally. Now are they the very best on the market? Maybe not. But are they better than the $150 beats that are fragile as al get out... and better sounding. YES! Are they the best Headphones I ever listened to at this price point? OH HEAVENS YES!!",5.0,NO_COMPLAINT,
311,a12c5d0453d2016230577644faed4343f8a645832627fdd32536454377fcd1ec,Loved the product until it fell apart...have owned and used for about 9 months. Used them almost daily for listening while walking. Asked seller Portable Guy (as listed on invoice) if this was common for this product: “This order was placed with amazon FBA. Please contact amazon directly at to inquire about this order.” Hmmm?,1.0,BUILD_QUALITY,
312,54b60f3e1106510bca4d9f1f767f299588f2579b54f3d14c5acd0072dcba80d2,"The audio quality of these headphones is excellent. I've had mine for 2 years and I love them - totally comfortable. But, expect problems with the controls if you use them with your iPhone. Every time Apple updates the iOS, the volume controls and the center button (used for pausing and fast forwarding) have stopped working. Contacting Shure customer service is a waste of time, because they just tell you to contact Apple.",3.0,FUNCTIONALITY,
313,62cc5128bc0dd1e404889592574e41238b8035ff919664681e06c90d0f65b073,"Worked well for a group listening project. Sound quality reproduction was very good. Headphones performed as expected with no issues. Only had one use so far, so I can't say what the long term durability will be, but overall the headphones look to be well made.",5.0,NO_COMPLAINT,
314,8ad6d7bc44cecca81f6c33f420218ec7617afb75f7d4ad7f8154739b2cfc2f0b,"The sound is amazing, but the left earbud keeps disconnecting at such a frequency that it makes it impossible to enjoy. I traded them in 3 times hoping that I was simply getting defective ones, but the problem seems to be in all of them. For a 200 dollar price tag, I sure expected better of Bose. I do not recommend this product.",1.0,FUNCTIONALITY,
315,d385726f05a6c919873099ebeec108cb083373202da5e4479cddb23dc55cce54,Just what I wanted!,5.0,NO_COMPLAINT,
316,dc989a8eea6fba6f014dbab8318a92420b23930928bf65d5f3047877ff1602df,"1st pair of bluetooth headphones, cause my last pair I loved broke. I expected for $20 these would be just ok, but sound quality has been great!, no connection issues, they stay charged well, and controls on headphones work ok... fit not too tight. These are a keeper! Only reason they lost 1 star is they sent a red cord to go with Pink headphones! But not using that as long as the Bluetooth works!",4.0,FIT_COMPATIBILITY,
317,4a78bb94d22c5bd6ffbc712c73419c259305c5a42bd021002465a5988efc1f22,"noise cancelation was a new experience for me. unfortunately that feature stopped working after a week of use at work. and the next week the left earbud started annoying me by losing connection and reconnecting automatically, that was disorientating! returned for a refund without hassle",2.0,FUNCTIONALITY,
318,0745d84013529f63faaf6caf0c613a709e8674c0ebbacabfe24957a52fc5f3eb,"The audio is great and comes with 4 different size ear tips so you can get the right fight in both ears. Noise cancelling has it's limits but for the price, works great. So far one of my favorite features is the wireless charging.",4.0,NO_COMPLAINT,
319,72184f0c56ce64837b6e52dab929e995fdfe67cb820920b808eeb80c27206124,Broken after 3 uses.,1.0,FUNCTIONALITY,
320,2138d267760300c951c89c842308a83b647ee5856b46a40b3a55e40efdf738ec,"This is the third type of earphones I have purchased within a month and these work really great! If you are just interested in listening to music while working out and not worrying about sound quality, (such as having the bass be powerful in your ears) then these will be perfect for you. I have small ears, so it was nice to be able to bend them into the shape I needed for them to stay in place.",4.0,NO_COMPLAINT,
321,d96ec1615fb26a7a0d91ff953ef4383faaa5bb01b99316540437d636a242cfe1,"Update 8/7/2022: I purchased the liberty 3 pros and was not impressed. I noticed maybe a 10% increased on quality of sound. This Will not be noticed by any random person’s ears. ANC is just the same as the life 2s. Other than multi device connectivity. Not really worth the extra $60 to $80 more you have to pay. I got mine on ebay for $55 dollars so it wasnt a complete loss. Final veredict. You cant go wrong with the life A2. Dont upgrade. One las thing. I could not find a nice comfortable fit on the liberty 3 pros. No matter what ear fins combo i used. Couldnt used them for more than 1 hour. The life A2s i could use for 3 hours plus. No issues. To the point. The ability to adjust the EQ is what sets them apart from soundpeats T2 and airpods pro. Once you apply the custom EQ like in the pictures you will not want to listen to the other ones at all. They would sound terribly. They maintain the transparency mode while making phone calls which helps not feel your ears plugged up and be the mad person yelling while talking on a call (soundpeats cant do this). The passive noise canceling is not as good as the other 2, noise filters in a bit more but with little ANC ON that becomes a non issue. The ANC works very adequate on a loud airplane. Not as good as the airpods pro but about 90% there( and for only 60 dollars), similar ANC than the soundpeats but like i mentioned, once you adjust the EQ. They are miles apart on quality of sound. The other 2 cant come close at all. They dont auto stop music or video when you take them off your ears. Battery life is fantastic. Almost as good as the soundpeats T2 (airpod pro with ANC on dies in 4 hours). They are very comfortable (3 hour flight no pain at all). The ANC may seem weak if you are just in a noisy environment or if you think you can use this while mowing grass. They will not satisfy you. But for airplane rides to watch movies and listen to your music they will do great. Plenty of eartips to ensure a good fit and you can put on any aftermarket tips you want and will fit in their case no problem. The directions tell you to insert them and twist down. But if you want a good tight fit do the oposite (for work outs and running) havent had an issue falling. Get them. Best bang for your buck. A no brainer. I bought all these earbuds with my own money. Nobody paid me to make this review.",5.0,NO_COMPLAINT,
322,332162bfa74d0a5ee32adeb91d44571d409efca15a73e3f602a0fb95bd6798f2,I use the earbuds for swimming and only one side is charging so they're not working and I can't use them,1.0,FUNCTIONALITY,
323,31fd0e0896fde009f935d0effa45cd21677bb7ea54b4820dbe81f9d4208a75a1,Product good. Packgaging could use some improvements. Had to cut one of the buds out of plastic package since it was stuck in there. And there was a loose white thing that looks like a microphone. Never used anything like it before and have no idea how to use due to no instructions or listing on packaging.,4.0,USABILITY_SETUP,
324,d38a55d3394b6ff4602371d308410eca4ea8f8a57eb8668117d84878610c8b62,Left ear stopped working,1.0,FUNCTIONALITY,
325,25282a77317895000438c26a43ab2162e0965f714e5f63763341f434f4f0d674,Bought these headphones to pair with my phone. Doesn’t pair with any of my devices. Can’t even tell if it’s on No instructions. Garbage.,1.0,FUNCTIONALITY,
326,293badc6fc6077fda140443e117fcb50164192c70ef5669b5b43b69b16cfd1ed,"These headphones work as expected. I've had no issues with them to date. I'm still learning to use the controls, but they seem to work as expected: good sound, good noise cancellation. The battery case is nice to have also. EDIT: I have been getting reports from people that I talk to, that the microphone on these headsets sounds like I'm in a box or distant from the phone. It doesn't seem to be an all-the-time thing, but it's enough that I can't use these for my work (where I talk on the phone all day). They are great for listening to music.",4.0,FUNCTIONALITY,
327,4157d8bc3d6f55e0d3d62b183f124f4feb488a70e7066ac17e2ee0e37e0381fd,I use them for work and with Cisco's shoftphone... they work great! Totally recommended!! Great battery and sound! Works great on Windows or Mac,5.0,NO_COMPLAINT,
328,693153ae9996e2f2ae9e363cc652d24f09c418524a9c0d0adbad656bdda4111c,Feels strange on my ears however the buds come in many shapes and sizes so they will almost for sure fit. My biggest problem was mine arrived broken and could barely hear my music.,2.0,SHIPPING,
329,61223aa1d55fec3b37198e52941bfcc5118ab77ea27fca68e5b45241e4e8282e,"Ok, If you've read other reviews, you know that this is bare bones for what you get in the box. No charger, but it takes miniUSB (same as all android devices).. I may be in the minority but I have about half a million floating around between my home, car, and office.. Secondly, it comes with no instructions.. Well, guess what? Motorola has a website too.. Here's where to find everything you need to know: https://motorola-global-portal.custhelp.com/app/product_page/faqs/p/1422,2690,8584 Sound is great for music, completely moisture proof, though I haven't tested it submerged, but sweating and moisture in the air (I'm a detailer, my best friend is a pressure washer) does not affect these at all.. I sync them to my iPod and let it set on the counter plugged in.. Listening to my music and podcasts.. Noise cancellation is decent, though not great.. I work in an automotive shop, it's noisy with air tools and whatnot.. So my environment is louder then most.. I haven't tried them in a phone call, just an iPod ya know.. The earbuds have many adjustable parts making a perfect fit almost impossible to miss.. Minus one star for battery life, It says 5 hours yet I usually only get 4.. So I have to plug them in on my lunch.. Sometimes I forget.. The pair I used before these went my entire 8 hour shift.. But on the plus side, it charges very fast.. 15-20 minutes for full charge from dead.. All in all, good headset..",4.0,NO_COMPLAINT,
330,ccf27de14750e511009349bc261ba5b1c6497d0e08d2b8e925779c3d9e00f48c,Love these! Sound is excellent! I have finally found something that stays where you put it and doesn't fall out of your ear! Connected to my bluetooth easily. The charging case works very well. I use these all of the time!,5.0,NO_COMPLAINT,
331,97356f9d8500b7b05c3172a4c08657954767ee1661c7a9de12be09234cb4bfaf,"I have had my phones for 13 months. The sound was good but today the wire broke at the connector plugin. The flimsy construction at the area of the connector is obvious, particularly compared to phones of other manufacturers.",1.0,BUILD_QUALITY,
332,0a2e321a1e65e81bab2172ff16cc5760ad3793cf5c0634c2230174c71642b00e,Someone reported the same issue but after one month ...mine worked longer ...10 months,2.0,OTHER,
333,0794c54ded2b45e40d74224c41896eeafa0e43b46c39a787d53eea26371c7d40,Awesome product for the price.,5.0,NO_COMPLAINT,
334,8a9432816387b45de04c43f5d677f2afa683268631966ae1a944f0285219fe69,Do not buy these!! They are terrible! One ear doesnt work on one set the other you have to love around until they work!,1.0,FUNCTIONALITY,
335,9754495bc3704940eb186b088e45a63e9a40861a772dba65d23a902e7b6de225,I bought this and one other product of the same price and the draw backs to this one were it came with no instructions and I don't fully know what they do and or how to work them plus the battery life is not nearly what the other product has.,3.0,USABILITY_SETUP,
336,3589bf5009ab20c0e79819c23d3fcf288aa42d012647708fbe36a7ebc1da25c7,"I bought these to replace a set that fell apart. These are no longer in production. They are horrible, uncomfortable and not very durable - but they are good enough for conference calls using my cell phone.",3.0,BUILD_QUALITY,
337,de2db8de9a71d3a1dab16b1a7b7a778b3e90f1cd82c0232c1daed965d0f9a079,They foam on the earpieces fell apart within a couple months. Mediocere noise cancelling. I'd spend $150-$300 for a good pair of noise canceling headphones instead of buying these.,2.0,BUILD_QUALITY,
338,8575432ac71fe73e82fead8d78069288fc41f179ae172368947c886de20338a0,"Doesn't fit right, Can't hear well and have to shout for people to hear me clearly.",2.0,FIT_COMPATIBILITY,
339,13ed1a7cbd5f7138cf74efb5bb5cefd079e81c82a06ee96163602abeb77e4af5,This comes in a box for the Power&Play bundle except the power has been ripped out and the box damaged. It seems likely these are knockoff headphones in a Samsung box. The inline buttons do not work. The tolerance on the jack is poor and fits loosely.,1.0,SHIPPING,
340,5a54df58e54742d88fe28131aa2b824c740556fcc3738a777ace0ce052a2d260,"It was garbage, didn't hold a charge and the box was crushed inside the Amazon box, they sent it to me like that.",1.0,SHIPPING,
341,4b0bce73bcb19670e337ac7f699fde0a6f9fd9c86c9e43bdf81ecf8c5e33123c,dude this company is terrible ... this companys customer support is terrible... not to mention the audio divers on the actual ear buds them selfs have a hard time staying connected... the kinda just fell apart the little side button is stupid flimsy fell off after like 2 months ... then the case is just super plastic flimsy type material i dunno just don'y buy these .... if you want good solid headphones go buy the Anker liberty's same price but its an product that actually works ....,1.0,BUILD_QUALITY,
342,1da37bef31c9231950008c6527dc8d00fa526eef10e406118928fc69e513cd0d,"No problems in placing my order. Met my expectations completely.. Pricing is perfect !! I have used these earbuds for the last 5 years they are by far the best..The sound is awesome NO backround noise at all, the fit is very light and I also love when my phone rings all I do is push the button and I can talk and not have to take the earbuds out of my ears.. will purchase from this seller again .... Thank You :)",5.0,NO_COMPLAINT,
343,67b029d7ae03b0087f70f8e2dd482e48004a462953319d6f48e6d5bbbb164101,"The sound has far less noise than other far more expensive models. The ear cups are fairly comfortable. The tension strap on the headband is the only problem with the design. I cut it off which helped a lot, but then it was a bit too loose. But definitely worth the price plus some.",4.0,FIT_COMPATIBILITY,
344,c36f88d4bf67fc239be1a48d88bc5717f94c0ace9ed7fa9dee756f8c0b5f2b17,For the price these headphones work okay sound is good shipped on time received in good condition if you're on a budget I would recommend these. Works great so you don't have to share headphones in our facility.,4.0,NO_COMPLAINT,
345,51838476d069c066ebdf15aba139a05c14746da9dd03cb5501237335be53846e,"I ordered these to replace my headphones used for recording, playing music and watching movies. Good: They were easy to pair, I like that they ship with a 1/8 cable. They are really comfortable to wear. Bad: I was disappointed as these headphones have a built in EQ, that is really bad in my opinion. The sound is okay for watching a movie, but is horrible for listening to music with. They had a mid-scoop that is way over kill, no mid range and too much bass and treble. This may not be a big deal for most people, but it really didn't work for the purpose I got them for. I did not expect them to be studio quality, or professional by any means, but the pe-defined EQ is bad. Also bad for listening to audio books or phone calls. Way too much bass, no mids. Ugly: I don't care about how these look. Look was okay for me. The ugly was that after 5 months the right side stopped working. It is a cable issue. If I jiggle the cable on the right side it may work for a few minutes. Poor build quality. I did not bring them anywhere, I did not handle them roughly, in fact they never left my home office, and were treated gently. Now I have to contact support, and RMA them, supposedly they have a 2 year warranty. I will update this post once I go through that process. Lame!",1.0,BUILD_QUALITY,
346,adb3de61ca267b9862395a6dec02292d865bae08bf4efe957ba45221eafd55f4,"These headphones are great! I use them mainly for gaming, but I am also an audiophile. This is a great budget headphone that offers a ridiculously amazing sound stage (for the price)! They are crystal clear, and plain amazing! Highly highly highly recommend! Side note - they take a small while to get used to. The ear cups are huge (still low profile though) and because the velour hasn't broke in and is still a little stiff then the sound can sometimes leak out extra under your jaw. After a few days that will go away though. Other then that, and the initial speaker break in that every speaker has, there isn't much wrong with these headphones! All I can think of is the cable (it comes with one that is 10 ft. long so I got another with it).",5.0,NO_COMPLAINT,
347,ce0bbe204866aff4e6c51ac7c4530867d3b6fff3ac07e0c2b9abfccc1e269f35,"I would not, could not, on a plane. Not in the park. Not on a train. Not in a car. Not on CD. I do not like them, Sam, you see. Not in my bed. Not on a boat. Not on my head. Too big to tote. I will not use them here or there. I do not like them anywhere! Pros: 1. Looks and feels like the more expensive models 2. Nicely padded and sturdy 3. Comes with a handy drawstring carrying bag, or you can get the optional hard case, which is extremely durable 4. Folds up much smaller than it looks 5. Comes with an adapter so that two headphones can be connected to the same audio source 6. Comes with a nice long cord, so you can use it at your desktop comfortably 7. Cancels out noise from your surroundings to a certain extent 8. Reasonably priced Cons: 1. No instructions. However, it only takes minutes to figure out where the battery goes (right side), how it folds and adjusts, and where the cord plugs in. (I had to figure this out right away, because it arrived with the switch in the ""on"" position and a dead AAA battery) 2. For the noise cancelling feature, the on/off button is located quite inconveniently behind your right ear 3. While it muffles some of the background noise, it still lets through quite a lot, and the hissing noise can bother some users. You can still hear the sound of the keys on a keyboard when you type, but when you take it off there is a noticeable difference. A loud party in the neighborhood became a lot more bearable with them on. 4. As a regular headphone this one is unfortunately not very good. You can hardly hear anything with the noise cancelling feature off, and when you put it on, it manages to remove all the bass resulting in a tinny sound. 5. Even folded, it's still quite bulky to tote around Conclusion: Rugged and expensive looking, this headphone promises effective noise-cancelling features and good audio sound. Unfortunately, it falls short in both categories. I do not like them, Sam-I-am Amanda Richards, December 12, 2008",2.0,FUNCTIONALITY,
348,74255162462398caa42ac14ebfef4b39c4e237bb198d2dd8ff3d5ffd4d427df7,"These headphones didn't work right out of the box. They came with a shorted cable that only played music when you jiggled it. I contacted Amazon and they said they could refund it, but that I would need to take a QR code to a UPS store along with the headphones to have them returned. I guess that makes sense, but I'm a student and I really don't have time to be driving around looking to return products that arrived broken just to get my money back. I would STRONGLY urge anyone considering purchasing these to look elsewhere unless you don't mind adding another chore to your to-do list. I thought I was buying headphones, instead, I just bought myself a hassle.",1.0,SHIPPING,
349,4b695d14fb9efe258c4e97583bf4136ba2e75b78f9bd13f965ec5fc1f9aba89d,Fell apart,3.0,BUILD_QUALITY,
350,213df77af79b32d094ea8bf9b6fc9c70482ffb2459ea76811bb3e1b26f476bfa,"Low profile, maybe a little too low because they sit on the top of my head. Not sure if they would fit a person with a big head. It seems sturdy. There were no instructions for coupling the headphones with my phone but I figured it out. There may have been directions on the outside of the box in 8 languages but it was such small print I couldnt read them even with my cheaters on. Ive only used them briefly but they seem of decent quality.",4.0,NO_COMPLAINT,
351,e92c216452d83b160d7c923f2122a564765dc2dace1dc8b946200bd6803a05c7,"Paid more for them than they now sell for, but the fidelity is OK for the price. If you want go of, then you need to pay for it they definitely beat the $10 junk.",3.0,OTHER,
352,a694f7a322a7e1bf4ed7c6b27cafb46df4e72fef93a3d2b364471951f2dc7f18,Arrived broken,2.0,SHIPPING,
353,4f931147ae93facf6a66c617b84d3d8956b47009877214182c0a1b10bc792032,Fell apart the first time I used them,1.0,BUILD_QUALITY,
354,261d9306252dcb74eced5fba97aba4e2a176e014aeeefbe1f9550a01588595da,Dear Bose....I love to run and jump rope..If my kids worked on these headphones.. I would be so pissed and embarrassed.. You have a staff of engineers!! You mean to tell me a staff of mechanical engineers can't design a pair of headphones to be secure arpund the ear while running or jump rope.. Gtfo horrible. Bose you should be embarrassed . they just sit on THIER asses all day eat bagel.bites and play call of duty.. You can't even jump.rope with these. Or run . You literally hire engineers. You mean to tell me Bose cant make a pair of around the the ear headphones for athletic people. Joke. They don't fit correctly in your ear. You cannot work out or run in these. They slip out the ear. I can't understand how bose doesn't have around the ear clips ?? Sound is good. For sitting down. Had to buy different around the ear headphones to run. Had to buy 20$ around the ear earphones to work out. Complete joke. Joke joke embarrassment,1.0,FIT_COMPATIBILITY,
355,f1b3fcf4b1596939332ae6313182ad18a63a86b2225494b106f866e88a9212fc,No complaints. My son loves them. He uses them at school. Good price.,5.0,NO_COMPLAINT,
356,59cddd9dbd555c5227727c601700497f572cdd0bf9b0b93b4798c4d2caa285d5,Not loud enough for outdoor use,2.0,FUNCTIONALITY,
357,82ad594b8a40591cc029d8ed344456c14ff77823c99b8c463871c68c8234f8dc,They fall off. The right one stopped working after 2-3 months. Not super comfortable. I can only wear them 2 hours max.,1.0,FUNCTIONALITY,
358,3ca407ea23024e993a76b4c29748b09f4dcad7fce0053bc9574f754ff71fa0fd,I was looking for a cheaper alternative to ear buds that didn't just sit in my ears. I love the wrap around design and sound quality. The battery lasts for what seems like forever I only charge the case once ever 2 weeks minimum and I wear my headphones for most of an 8 hour shift. The only thing I wish was the case was a bit more steady the hinge broke on mine and now I have to keep it together with a rubber band. I ordered a replacement pair just to have incase the case finally gives out on me.,5.0,BUILD_QUALITY,
359,6e9b42395437218fdc2bf15717a242563122cfe5facf5b054c8a336fd09c3c65,Noise cancellation is perfect and sound quality is very good. I bought it for my daughter online class. The mic works great. It is really colorful and comfortable to wear. On this price it feels like steal lol. Highly recommend,5.0,NO_COMPLAINT,
360,3a0aa35960250bcf6d045b9ccc32168efcdc3ff0b8b01a83b95da2f28a18e040,"these are really cheap for 85...works great,,plus it looks brand new..thank you sir",5.0,NO_COMPLAINT,
361,522c9e8d701a78c8183436f208ec5648d4afd3bf316091f7bbdcc265da818cba,"I've used the ER-4S for about ten years now, and it's absolutely my favorite set of headphones. I only use them with the foam earpieces. They're incredibly transparent, which means they might sound a bit weak if you mainly listen to rock, hiphop, and other genres that like heavy bass. So even though my ER-4S's still work fine, I bought these. At first I thought they were more muddled and not as crystal clear as the ER-4S, but then I switched to the foam earpieces and did a side-by-side comparison, and for classical and acoustic music, they're just about identical. As advertised, they have a slightly boosted bass register. If I were king, I would have given them slightly less bass boost, maybe 80% as much, but I'm just picky. Overall, they're a terrific set of phones. I wouldn't recommend buying them as a second set, unless you just have a lot of extra cash lying around, but if you want a pair of absolutely top notch earphones, and you listen primarily to rock and hiphop, you're not going to find any better than this.",5.0,NO_COMPLAINT,
362,7a254c35afa3c788c1a8c0ff6fc267262fca0782d9cc0b4caf760981523c9ea2,"Unpleasantly surprised that returns were not permitted. Very uncomfortable to wear ... too tight, hurt ears.",2.0,FIT_COMPATIBILITY,
363,b33bbd0742d170cb14991481e1f3e09cfe0919dac96e1ff7f9444ee8c0278a46,Excellent quality of product.,5.0,NO_COMPLAINT,
364,025ee0334f20b7440ada63502bd1752fc8d35f36b531e8af340c6a80e5ea5743,"First - I am not expecting $100 performance from &lt;$20 headphones. I do not think products should be rated poorly bc they do not perform like items that cost 4-5x more. However, I do think to get a good review, their performance should provide good value (i.e. quality/price). These headphones definitely do not provide good value. They are cheap and look nice...so you will have to decide what works for you at this price point. I ordered 3 of these headphones and here are the issues: 1) only 2 of the 3 arrived...this is probably more of a problem from amazon so did not consider this as a negative aspect 2) packaging - just ok. nothing is sealed, both boxes were kinda open. only one of the ear pieces is covered in plastic. the cords are wrapped and packaged. however, it is difficult to tell if they are genuinely new or if they are used. i suspect one of the headphones we received was used. 3) one of ear pieces had a rattle - literally when you shook it, it sounded like there was a loose part rattling around in it. 4) customer service - when i contacted them about the rattle, i got multiple emails asking if i tried plugging it into different devices. it was a stock reply email that was clearly generated automatically. very poor service. 5) size - they are small. if you want to use these for a few years and your child does not have a very small head, then they will outgrow these very quickly. my skinny 6 yo complained that it was too tight. 6) sound - ok and not consistent. the sound restriction seemed different between the two headphones we purchased...I do not believe that there has been any type of quality control regarding noise limitation on these headphones. if that is important for you, then I would not trust these. Ultimately, we do care about the quality and sound limitation. Took a flier based on all these reviews...turns out, you do indeed get what you pay for. So, if you have low expectations and want to use these for very temporary use, they have cool colors and they will probably work fine.",2.0,FIT_COMPATIBILITY,
365,90dc2a2bd6b48613733008d7a04aeba561a43675aefc3e479014923af6449abb,"Could have been a 5 star but there were a few things I didn’t like (1st) the carry case came charged but not the earbud. It would have been fine if it didn’t take long and drained the box battery on first charge up. Doesn’t says what power block to use on it either (2nd) earbuds came with a blue tape covering the charging prongs/receiver and even with the magnetic placement guide it still took a few tries until the led charging lights came on. (3rd ) once you open the carry box it send turn on signal. Not bad but it cuts the charging mode. So not best to be check the carry case battery until done charging. About 5-10 minutes. (4th) Not Noise Cancelation. The gummy on the earbud does the noise suppression. Once on (5th) not loud still hear noise around me but clear sound and low bass. Overall It is great for the price. Compared to other from Wish and Walmart, these are better. No issues on solo use and microphone are clear sound.",4.0,NO_COMPLAINT,
366,1e17c299d693738f4158c65433fdf0a1a177cf47b57725e9396c127843e268b5,Arrived broken,1.0,SHIPPING,
367,c31de932ddc25ec483699c62468536b63f3d0fe8e193a7003a035dafa9cd5c69,I got these for my husband for work and they were great for the first couple months. Then the battery life started to decrease. He’s only had them 5 months and they won’t stay charged longer then an hour. If you don’t mind getting less then 6 months out of them for the price go for it because the sound quality is amazing but the battery won’t last long.,5.0,FUNCTIONALITY,
368,8f875188081763a052c371d25f6267fd21d082564c83dfc7a2f12b1d05aada3f,"The audacity of sending this to us as is. Sending it back. Product arrived with no instructions, no charger anything but a piece of bubble wrap cove but no original packaging.",1.0,SHIPPING,
369,ba47e8ec84ffc27e485822b525c6654ca377942c0767854c1639e480ad7b5a61,Very great sound quality. Super comfortable. Very long lasting battery from both the earbuds and the charging case. I was a little skeptical because of the low price but I was very impressed. You don't have to spend a ton of money when you can buy Tozo T12 earbuds and get high sound quality. Would definitely purchase again.,5.0,NO_COMPLAINT,
370,738cac06ddcac200c0bfad7b361e1f3ae08db40876db6a4edaac59b2ffdabae5,First one left bud not working. Fast and efficient replacement works great.,4.0,FUNCTIONALITY,
371,41c99aa19b29c3dbfcd0348770167496fc6f54b9776a36abb178d32244efc45d,"I bought these for my dad since he is hard of hearing and didn't want wireless. However, within a week of wearing them the headband piece broke where it is adjustable. So he taped it up... the following week the other side of the headband fell apart. This broke while just putting them on his head and adjusting to his size. Not sitting on them or overuse. Seller though is very easy to work with a refund was issued quickly. So seller is great product is crap!",1.0,BUILD_QUALITY,
372,aa6f971a32cd1b71fa00806cb7ee42256e8ce6795784736edad0f65522a5a86c,"I had no luck with these ear buds. For one, each and every time I would touch the right ear bud to adjust the fit, they would turn off and I would have to take them out my ears and replace them into the case. I was never able to get a complete song to play before I would have to touch my ear. Secondly, it seems that ear buds are way too small for my fingers to handle. I had to use a tool to get the ear buds out of the case since my fingers are too big to do so.",2.0,FIT_COMPATIBILITY,
373,7919610624da226d42860251f9b4739588738ad31f65ca2afddd07b7594e5b15,"Arrived broken. Started a return. Seller wanted me to pay return postage for this broken item. Contacted them, no reply. Poor quality. Just threw away instead of wasting more money for postage. Don't buy",1.0,SHIPPING,
374,1d9e9cd9f037c64568a1ccd8078bf2ba7187ea28f10aea46ee8568e91c03bea9,"I bought 4 of these as gifts for my kids for Christmas. One arrived broken; the head piece was snapped in two. The other three have terrible sound quality, it's just static, and they don't stay plugged in to their tablets. I would not recommend these at all. Very cheap, low quality.",1.0,SHIPPING,
375,42c775c2490cea41dfd543fa13eb57d5d15ce18c77da2b6de904303a8a0d6dcd,"They don't fit good on a 5 year olds ears, but he uses them constantly when playing games on my fire tablet. Otherwise they are great noise cancelling.",4.0,FIT_COMPATIBILITY,
376,4e1edd7732c65759f1c127d8cb7a21bee8c1c17340748b5c73dd393891a3eead,"I'm updating this review because after two bad pairs I got one that works great! They're nothing fancy, but they sound better than many other headphones and the most recent pair have lasted a very long time. They're also pretty comfortable. I have more expensive in-ear headphones but I keep coming back to these. Previous review: Thoroughly disappointed in the quality of these headphone. The sound was okay, but they feel very cheap. My first pair lasted two week. The second pair lasted one week. Very frustrating. Even at this price point they're not worth it.",4.0,BUILD_QUALITY,
377,6751e0b2a9c6b07a3cf39cff1aea6d90b36ebcc8c03c7241cec7df1274849503,Product arrived broken. Sound messes up at a slight bend of the wire.,1.0,SHIPPING,
378,2e8c263039a7d34246b010f28d6d699e3ae1d751f70311693bc4eafa75ba16ce,Excellent headphones. Best headphones to work out.,5.0,NO_COMPLAINT,
379,71725b8e18f3a140b1867d7d1bf7510036e0693f4412d9a24f6f626e747d4a40,"If I could give it no stars I would. Simply put, I received it and it didn't even turn on. I DID get a full refund which is greatly appreciated. ***UPDATE*** Great customer service. I was contacted by Gonovate and sent a free replacement. REALLY appreciate that guys! Replacement works great. Battery lasts 6 hours for me. Only reason for the 4 stars instead of 5 is because of the comfort. The multifunctional button hurts when I press it and the click sound doesn't help. I'd prefer the button being placed towards the rear of the device like the G10. I initially purchased the G10 first because of that but had to return it because the battery was defective. So if you ask me, take the risk on the G10 first.",4.0,FIT_COMPATIBILITY,
380,41a0a7c1997178da667a44a66f45cf95ba929529d13c0f491511f2cec3eadff5,The EarPods came apart and stopped working in two weeks. I would not purchase again.,1.0,BUILD_QUALITY,
381,986ca01763c2a999ed3d738b86eeea472a457ae325d256d0b0048232751665b0,"I bought these to use on my daily commute so that I wouldn’t have to deal with my head phone cord getting tangled up. Came with a nice case and several choices for ear buds. The set up instructions were easy and changing the size of the ear buds was as well but I give this product two stars only because they are not good for prolonged use. I have about an hour commute and about halfway through these ear buds start hurting my ears. It’s not the size of the buds it’s the weight. They are super heavy and start digging into the edges of your ears. The ends are magnetic so maybe that adds to the weight. One other thing, there are accessories that come with the device but there are no instructions as to what their use is.",2.0,FIT_COMPATIBILITY,
382,cb66891dd368c1b45418a7ffc1a232e2f89e5ef0377aab80783bbf1e9109b9b7,these earpods were amazing until they stopped working one day cant tell if its the case or headphones too much money for a one year show,1.0,FUNCTIONALITY,
383,073eefb9c501c265c70480908c558c0e9e684c522e962aad9fa93d161e66b4b9,"I have owned all three Samsung buds: Live, Pro, and Plus, including the old Plus with the flange or wing-shape buds. Of all of these, I wish they'd bring back the original design of the Plus. The current bean shaped-design falls out constantly. Sneeze? There go your buds down into the mechanism of the recliner. Jump off a curb while running, your buds are down your shirt or on the ground. Tes, I've tried all the size tips to get the right fit. In comparing the sound quality and noise cancellation- I still like the Plus better than all the others. If you like booming bass, you probably will want the Pro. If you want noise cancellation, nothing works better than the Plus, not even the Pro. You can see in the pictures that I figured out to to make the Plus stay in my ears. I purchased an anti-loss strap from WOFRO. It came as shown in the second picture- and I didn't like it at all. The cord is stiff rubber. It caught in my hair and stuck to my shoulders when I turned my head. Also, with noise cancellation and ambient sound controls, you never really need to take these out of your ears. So I cut the cords off the skin that holds the buds- and IT'S PERFECT! The skin is so thin they fit in the charging base. It's just enough rubber to create traction and keep them in my ears. Also, the charging case works perfectly with them. It took a couple of tries to get them on - you need to avoid all the contact points. Just take your time and you'll be happy you tried this. For me, the Pro offers superior noise cancellation and great sound. And now they stay in my ears. I'm keeping this pair!",4.0,FIT_COMPATIBILITY,
384,3266756cf2b1efe0d1a6d2a059d0826cffc3ecaddcb6188ee9007a1a76b16dfd,I have to say I love the sound quality for listening and talking but the battery dies way to quickly.,4.0,FUNCTIONALITY,
385,41905eee573861a3f7881fb2c430dd4ce3d257f188c0fe9c42a5e867e257fb6f,"The earbuds are great especially because I can use one and have the other charging and its simple touch control is dandy and charge went a bit over 3 hours and the multipack of ear buds fixed that my ears were too small for most and each earbud is mono so having one out won’t miss out on half the song you would with other earbuds , overall great investment",5.0,FIT_COMPATIBILITY,
386,02428114c3e3a18769f0fc8d23ed1dd301c9dfe34650f4d6d27fd6d9b978603a,The headphones are extremely lightweight & work perfectly.,5.0,NO_COMPLAINT,
387,a767b6dd587defa93caf51756f9c10992fb4744fcd66e56eb7bbe381bb5555c7,I collect headphones. I own 31 headphones from $20.00 to $500.00. When I saw these selling for $9.99 and with a list price of $79.99 I thought I would give them a listen. I ignored the other reviews thinking they probably are just not careful with their stuff. I thought I would just pamper them when I used them. How bad could they be. Well I just got them today and opened the box and put them on to listen to some music. Well within two minutes the right side earpiece is dangling from my ear. I can honestly say I have never owned a pair of headphones that fell apart. Let alone in that short of a period of time. Even though the price is very appealing run away from them as fast as you can. I assure you I will never buy &#34;anything&#34; made by reloop. There is no way they ever tested these headphones before putting them on the market. These are being sent back tomorrow.,1.0,BUILD_QUALITY,
388,00570930fe51df085cfab8f3bf825e3a08a0c42de431d9a10bf5d55cccf6f870,"Bought this headset in March of 2018, after 4 month of moderate use, the right earbud stopped working. Would not recommend it.",1.0,FUNCTIONALITY,
389,a0e0ee28d60ac4bd6719885300ec944a9d81e4c2f99e84a82b3f80fd2a3307a7,"These are cute and come with a bunch of stickers as a bonus, but they don't fit well. The speakers sit parallel to each other, instead of at an angle, so they're a very terrible fit. Buy some real headphones!",2.0,FIT_COMPATIBILITY,
390,43e77c531621aff9f6ccc62457d1b2bee2cf111dc2b3070499f065e7cfac2352,"These have a nice appearance and okay sound, but they hurt my ears too badly to be able to use them. I thought it might be because I have small ears, but I gave them to my friend and he said the same. I don't recommend these.",2.0,FIT_COMPATIBILITY,
391,72f33536c7f52d8c782ba04fa8aedb191a28987e476fd1af6406facb20f375b0,"I DID love this head set! As they have a very long battery life, several sizes of ear cushions and sound and noise elimination is very good this one at this price. UPDATE: ON JUNE 14, 2020 these fell apart. Where they bend to put in the case came apart and will not reset in place. Unable to use as they will not stay around my neck. They still work but not as loud as they were previous.",1.0,BUILD_QUALITY,
392,bce3d28a733276385821b6b7299989c48976bc209891b62a02fda4f12fd74d67,Arrived broken and unusable. Don’t waste your money.,1.0,SHIPPING,
393,545334bfa8481594d604b80766081b4032f397828f19ef5f2f65f4cdd7ec1e10,These have been the best sounding ear buds I’ve every had! They are amazing! The only complaint I have is that the right side completely stopped working. It won’t charge at all. Which sucks because it’s the one that pairs both sides. So essentially they are now useless. :(,2.0,FUNCTIONALITY,
394,713115b8694f966aa57d32a4638bed66ad8a24d417c877e1c7d1e0c27c9ed1b9,"The headphones have really nice quality and go along with Blackberry products, but if you aren't a diehard Blackberry fan, then I would say there are similar products out there that will do the same job. I am not saying these are Beats quality, but it isn't a pair of $1 headphones either.",4.0,NO_COMPLAINT,
395,1e734baf2546dae9a607091feeff36f1f80abd6d35acfb018df93dc58ce8952f,It stopped working just about 4 months after purchase. The left one stopped working and then the right one too stopped just a few weeks after. It had some connectivity issues too and the CVC noise cancellation for calling too wasn't good when it was working. Anker products have been amazing since l started using them but this one was disappointing.,1.0,FUNCTIONALITY,
396,91501437416a79f7ddbb5df42d4168d16bcd613bcca12fb1e0aa33d87d286f41,Two headphones arrived not working properly. The sound only comes out on one side. The 10 pack arrived a day earlier than expected. I cannot return all 10 for just two broken ones-don't have time for that. So I got 8 that work for the price of 10. They have a one yr guarantee but I had trouble registering the product. I did email kaysent and will see where it goes. I received an email that they would replace the two broken ones with a five pack of new ones. I changed to a five star rating for such a quick response.-thank you!,5.0,SHIPPING,
397,27d289a29b9bd8f550419882d32967f4cf8384724a4dd8baf2abdbf9fcd78256,"I love the audio quality of the T10's, I had an issue with one of my earbuds but I contacted Tozo and they helped me out quickly and got me up and going. Awesome product at a great price!",5.0,NO_COMPLAINT,
398,fa689e75dacb820c81e447bbf5abe61c6f7a23e6c0eaf87929dda62790005048,"They look like the standard wired iPhone headphones, but only worked when I connected them via Bluetooth. There were no instructions with the device, just had to figure out on my own.",4.0,USABILITY_SETUP,
399,23b63274efa5876549c9aa9cb592ba17ceaf8f63ecd22ceeeac20719fe2499e3,I bought two and they came with no instructions. Could not get either to work. I could pair it but then nothing. Gave them away.,1.0,FUNCTIONALITY,
400,cf2446ace5e930699197e73c2449fd5b28c5728ccc757d6d6d4b45732ca9b2ae,"Used headphones. Damaged box, discolored ear pieces. What a joke for being over $100. Will be returning.",1.0,SHIPPING,
401,dad9da10cb42376b3f6d5a626e3e48aacbf81becb4352fd4e8e0ff12f8972c26,"The ear buds for my LG Vu Plus that I purchased back at the end of April didn't make it into May before the connector to the phone fell apart and the tiny wires broke making them unable to be repaired (soldered). The connector body is a cheap, clam-shell piece of plastic that popped off several times and I had to snap it back together. I bought glue to seal it all together, but too late to save them. The ends that go into your ears are perfect for me since they fit under my motorcycle helmet. The ear buds were: ""Ear buds Hands-Free Headset Black #5 for LG dLite GD570/ Shine II GD710/ Xenon GR500/ Vu Plus GR700/ Sentio GS505/ Arena GT950/ GU292/ GU295/ eXpo GW820/ CF360"" [[ASIN:B0040WT6IQ Ear buds Hands-Free Headset Black #5 for LG dLite GD570/ Shine II GD710/ Xenon GR500/ Vu Plus GR700/ Sentio GS505/ Arena GT950/ GU292/ GU295/ eXpo GW820/ CF360]]",2.0,BUILD_QUALITY,
402,65453ad505d1836931da73859d39741267f488bf514d63cc24eb9c3bdba805c3,"I got these for [...] on ebay brand new. For [...] bucks these things are both unbelievable and unbeatable. I love these for long car trips, plane rides, and for sitting in my dorm to shut out the drone of the fridge. The noise canceling works great, although there is a slight hiss involved. They are also very durable. I've had mine for over a year, using them every couple of days and have had no problems. The polyester pouch that comes with them is great for holding the headphones as well as other things (mp3 player fits nicely as well). Another added benefit is the fact that the headphones still work well if the single AAA battery dies in the headphones. Others don't. No complaints Overall, if you're looking for something in the range of [...], you're going to find nothing better than this pair of great over the ear headphones.",5.0,NO_COMPLAINT,
403,3cb92d4ac823ff8e5fc28adf0edecd24781dd8fbe400845139aad9560e4614be,"After four months they just decided only one bud at a time could connect. User guide is absolutely useless, it’s just drawings of ear buds and says “pairing mode” with no instructions whatsoever. Buy something different, if anything goes wrong with these you’re screwed because there’s no explanation for how to fix it.",1.0,FUNCTIONALITY,
404,74c6fb2a23655f8662e4e181b892d6c30db1431e652e1bedb57fcbcd4032f4c5,"They fell apart in my hands shortly after I got them. After doing so research. It seems like quite a few people had the same experience. Looking at their photos it's clear that they all break in the exact same spot. I contacted the seller who was not very helpful. First he pretended to no know that the model was faulty, then he requested that I send the broken ones back which would've costed me more than the price of the headphone. So I just took the loss. AVOID THIS MODEL AND THIS SELLER.!!!!",1.0,BUILD_QUALITY,
405,d52194a7f0d73e05ebe9aed5f82f83deb24213d7c6b401fb0f70321a48335719,I barely got this because it seemed like it had good reviews and seemed legit. It was working pretty good until it worked. One day the right side of the earbud completely stopped working randomly and it hasn’t even been 2 months so I’m pretty upset at this and feels like it was waste of my money. Think again if anyone is trying to buy this brand the reviews might not be trust worthy.,1.0,FUNCTIONALITY,
406,2544c6be18575504ef2dbb36dbb87853661f0469acb8545c3be0fb77816eb23a,"I returned 2 other brands before buying these. More Bass than the other 2 I tried, but would still prefer a little more. Cant beat price for this quality bluetooth headset.",4.0,NO_COMPLAINT,
407,bfbbc537c4d174d0f70939011fa9211069ada448889e6293cb9725d8f25933a9,No issues with product quality,5.0,NO_COMPLAINT,
408,ed45165eaf800c6862aa62009a63f8f9cc451067661034bd0938e880f1edb0d5,"I picked these up on here just before the holidays on sale for about $50. At that price these are a no brainer. The S4 line is known for being a good value at its regular price. One note, these are not as solid and durable as higher end metal models, but they don't cost as much either while providing a comparable sound. This is actually the second pair I have owned. My original pair lasted for about 4+ years with heavy regular use on a near daily basis. Finally, one of the ear pieces just fell apart. I generally took care of them since the everything was plastic and the cords were thin. If you are very careless and rough with your stuff then these might not last for you. Like I said, I thought these were a good value at the normal price (approx $80 before the new model) but at $50 they are tought to beat for sound quality. There is a new model now so I think these can be had for about $50 all the time. The only diffence with the new model is flat cords so they tangle less but you will pay twice as much as you will for the old ones with the same sound quality. The tangling was never an issue for me so I would definitely recommend these over the newer ones until their price drops.",4.0,BUILD_QUALITY,
409,407913a725e6e3bee11751260969e981a516307bbb5ce07c6f7be7b8a434554c,"Although item was listed as used, it appeared to be brand new and in original undamaged box.",5.0,SHIPPING,
410,a7267db5c7ed640d6a7a2d95dbde7cfa50da70d5c7d4b7fce8bc819e96e34117,"These are the best headphones I've owned in a very long time. These are not the noise cancellation, but work flawlessly as advertised. I have a pair of Beats and honestly you can't hear any difference in the Quality of sound. I highly recommend this item to anyone that is looking for a great value on headphones. They look great and are build really sturdy. The sound is just unbeatable!",5.0,NO_COMPLAINT,
411,63a313ae49ec7b02b7173f701306a8d6df2e417c2aa36ba2b47b2c4d50edfc52,These fell apart in less than a month.,1.0,BUILD_QUALITY,
412,dc2f087b50344998f18f09e6af3b4ad721d1fa92e61f9a99b7f1336eb0b41fe8,"I Like The Bluetooth And The Lighting Feature But The Ear Covers Are Too Small, They Hurt My Ears After Wearing Them For Too Long. Another Thing Is The Ear Covers Place The Speakers Further Away Reducing The Audio Quality And Comfort.",4.0,FIT_COMPATIBILITY,
413,35d28781ffd213671bf551d660d38aac2a135aef8164f9970d0cc5704e964482,They make your ear sweat,4.0,NO_COMPLAINT,
414,29d4808bed2ca2eb8b53b3e62520e8f87a0f2bbf6103faa8a0c8c1210f64c5be,Great sound quality,5.0,NO_COMPLAINT,
415,0e518bebf18797ec4ac7ab2c6a91ae5a13b2995f07b4ccec5d2e3d0fcc89b77a,"Fine for blocking ambient noise but useless against snoring that is within 10 feet or not behind a partition (ie- will block if the snoring is more ambient than direct). Components (wires, etc) are cheap plastic and I don’t see them holding up for long. Update: headphones fell apart after less than a year. The earbud literally fell to pieces in my ear (and I had been treating them carefully because they looked liable to fall apart) - causing an incredibly loud screeching noise that hurt my ear.",1.0,BUILD_QUALITY,
416,0438fae4583ce81de25b295e31da0d07a2dfe4392e096cb56be6d278a42b47dc,"These headphones sound ok but the ear muffs are too small,as another buyer also pointed out. Over all they are ok sounding and very nice looking.",3.0,FIT_COMPATIBILITY,
417,41fab25b6f9f764370fe606ed69b8ddb8c82448f9135df7aa9932d3a34f87245,"I bought these for my son and they were smaller than I expected, but that’s probably my bad. However, the headphones arrived broken with a possible short in the cord or a messed up connection in the plug, because only one headphone worked. Only one speaker worked regardless of settings or multiple devices we tried the headphones with.",1.0,SHIPPING,
418,e53609d74ddef88e9fcd9557a451ae9ba3bebf867c8379b3f54be3827f92fa23,Da Bomb!,5.0,NO_COMPLAINT,
419,91ca6bc5dbecfb46f6e6cc4fb67ad5e4e605aa774832d9c4f99e5bae0a7c6b4c,"These earphones seemed comfortable for the brief period in which I used them. Within 10 minutes, however, one earbud fell apart! The metal earbud fittings separated entirely. I reassembled the earbud, but it fell apart again. Each time, the wires inside the bud were pulled and twisted, which compromised the sound quality. Virtually useless, and unfortunately, it's too late to return them. The price was too good to be true-- and I got far less than I paid for!",1.0,BUILD_QUALITY,
420,34d5756f7a9b50b08e78b745dfb584d0a5ea0813a46b00f759fed4c5a0a3af8d,"The headphones sounds very clear, fantastic. The isolation from de environment noise is nice. they are very comfortable. I recomend for all type of music.",5.0,NO_COMPLAINT,
421,31f90828d941c98e9f6b4a01776274f082318aea7b34660c1ae5b86ceb4c5f65,"Arrived broken, but usable. Not worth the hassle of returning.",3.0,SHIPPING,
422,b2131483093d7d308e4bbd2f656af5401b8884233b236c4673f45339a474e280,Arrived on time opened plugged into my phone tried to make a call using them and the mic didn't work. They arrived broken right out of the box :/ even tried plugging them into my Xbox controller and labtop to us as a mic and it didn't work.,3.0,SHIPPING,
423,66eb6e01fcdcfb0df18d0c7fef9899a69d075933283c8b08344fcf53ded51adf,The price was right -on sale! I own a good blue tooth headset but the bulk around the neck was getting uncomfortable with some health gear that I must carry. The Senso seems to be a good choice but I'm going to use the slider that come with strap to pin the headset to my clothes. It is so lightweight I am afraid I will not feel it if it comes off. The sound is a tiny bit tinny it is not bad. The on and off function is a bit fickle and sometimes requires multiple attempts to turn the earphones on or off. One drawback is that there were virtually no instructions with the headset. Fortunately its operation is fairly intuitive. It did not say how you can make a phone call. I discovered that if I said Okay Google and then stated person's name with the word &#34;call&#34; before it works better than the other headset. It also would have been helpful if there were directions with the 3 ft cord. I discovered that there was a slider thst when pulled would reveal the connector to an android phone. I will probably go to the manufacturer's website and see if I can find comprehensive instructions.,4.0,USABILITY_SETUP,
424,887b92d58b443c888ce86e53a8dbd5c2c76bf7ad77b21b61b85927424cc3496a,"It worked great when it, well, worked. However, the right side stopped working all of a sudden after about 5 months which is rather short for a pair of ear buds. Not sure if I got a bad one, but it was what I got so it is what I have to base my review on. Durability and longevity is a big deal to me.",1.0,FUNCTIONALITY,
425,7a6664cc36b4739e271a19ed4f89004cf7923d0736327823e042ca5d1fe42e27,"I purchased these headphones on Aug. 17. They had been working perfectly but when we went to use them on Oct. 25, the audio in the right side was not working. It appears to be something related to the connection point. I have tried flipping the cable around but it only works if I am pushing/turning the cable when plugged into the headphones while using. I contacted seller and they indicated warranty is in place for 12 months and sent a replacement set.",4.0,FUNCTIONALITY,
426,2e5a9aa3055962b913bb9b067a041b414a52532057a4cd33d193c60318f8ef37,"I have been running with the Tayogo bone conduction 8GB MP3 player 3-5 times a week for the last two years (so approximately 400 times) and love it. I have never a single problem with it. The battery lasted 6+ hours when they were new. I haven’t checked them lately, but I bet it is still going for at least 6 hrs between charges – even two years later. My husband also has the Tayogo bone conduction Bluetooth version and loves it. When Tayogo offered me a discount to try out their new versions, I jumped at it. I bought the Bluetooth version (newer version than my husband’s) this time. I loaded my music onto my watch and synced it to the Tayogo headphones. It was easy to sync and works great. I can pause, skip and control the volume from either my watch or the headphones. I have only worn the new Bluetooth headphones a few times, but they appear rock solid. For the price, you can’t beat the sound and quality.",5.0,NO_COMPLAINT,
427,e1125931cf43ee69fe09484b2403075944a46d3ef31d0ecdf739529e1faa4844,I received my headphones yesterday- charged them fully- until my light turns green. Not a few hours later- time to recharge them. I am not sure if I have a defaulty pair??? But not happy with the battery of life. Plus- when I get a text- it echoes - it's pauses in the middle of the beep... If that makes sense...,2.0,FUNCTIONALITY,
428,74608f8b8c1832628946fbe7206f33a326c3d8e496f3564dc8e547d5c760d61e,Item works great,5.0,NO_COMPLAINT,
429,dbdc642f781f9fa75834193e0a03bbb02826c421852b57ff72be076ce40cb4cb,"Add another set to the headphone addict collection! These are really nice and they sure beat anything I can find in local stores for the same price. Braided cords are always a win, I like that they don't stick to your skin at all. The inline mic is nice, but there's only a play/pause button, no volume controls. They adjust easily and I don't have any problems with them sliding or being too tight either, they fit just right. Tried some music and mobile games and podcasts, all sounded good.",5.0,FIT_COMPATIBILITY,
430,fdf0e25faad0cbd2930667ed3f93aa89a4d7a014e3687d1832f8dffbfd6f4403,"I have bought Bose products for 25 years now and after I bought these cheap headphones I will never buy from them again. I bought the QC3 a little over a year ago for a trip. I used them occasionally since but recently the sound stopped working. I took them to the Bose store where they informed me that they were broken and I would have to pay $99 for a new pair. When I told the sales guy that was out of my price range to replace a set of year old $300+ barely used headphone he shoved my set into my check and just stared at me. I had read an article that Bose build quality had gone down and that all that was left was the brand name, but I did not want to believe it. I do now. I still have and use my 25 year old Bose speakers and think that they will last another 25 years, but I will not buy Bose any longer.",1.0,FUNCTIONALITY,
431,0111f5c67d7368f400f0fe2992abbb474abecc28368b5b5e352f014b88376125,They came with one earbud broken and I can inly hear out of one earbud,1.0,BUILD_QUALITY,
432,8d78e762d4d28db347f49cee1071bba1373044aac2db1777a3c2d50f89aa483a,Product arrived with the left earbud not working/no sound.,1.0,FUNCTIONALITY,
433,3445a76e83a36b28b8bfcf6d1b09fceec1aaba595458fe67077c86329b9fd0d4,These were great in the beginning but after two months they started skipping songs on their own and the left bud stopped working. I wouldn’t expect them to last very long if you buy them. Update: customer service contacted me and replaced the defective headphones. I’ve had no issues with the new set.,5.0,FUNCTIONALITY,
434,8bb60e1cb819f9d37fdd0284427942db7d0aba41a8f09b74f6692f0b08842fd4,"I asked for this pair to be reimbursed for work to be comfortable for work over the next year. However, after using it for the past two months, I can't recommend it with it generating static noises during calls about half of the time. When it works, it works really well, but I had to do so many reconnects in order for it to work. This is unacceptable for a set that costs $300. Music over headphones and ANC on the plane are awesome but it wasn't an all around device that I thought it would be.",3.0,FUNCTIONALITY,
435,f1603fcabdb30481be5717209b7cc1220529c6881c3f6b56af7b89a3168fe978,"These are a good value and get the the job done. If you're like me and have some older equipment that still needs a 3.5mm plug, finding these headphones was a great gift. I rated these a 4, not because they are bad but because 3.5 mm headphones are never as good as a usb-c or Bluetooth 5.0, particularly at this low price point. For their intended use they are a good value and buy.",4.0,NO_COMPLAINT,
436,e6dfb75c2320801f310b8e20e5e22e64b313407858dcd7ab29d38f4290030838,"I've owned these headphones for about 3 weeks now, and I am completely impressed with the sound quality they provide, especially for at $30. I had previously purchased Sony in-ear headphones from a local Best Buy for around $50, and had been moderately pleased with their performance. Unfortunately I lost them, and rather than spending $50 on a new pair, I wanted to spend a little bit less. I found these on amazon, and am blown away by the quality at this price level. They offer reasonable bass and very clear mids and highs. The bass is not overpowering though, which allows for clear listening. If you are the kind of person that likes listening to a lot of pop with the bass turned up, these headphones would still work for you, but you may find a more preferable alternative. I would highly recommend these for anyone seeking a clear audio experience at a reasonable price level. I have faced no real problem with these headphones. I read that the cord length with the extension was a bit too long, and too short without it, but after trying it out for myself, I didn't find this to be a problem. I very rarely give out 5 stars in review, and I can honestly say that this product is more than deserving.",5.0,NO_COMPLAINT,
437,c27ad5449f079a5abdb1dd3d3fdf2c3c4215188d83aede429a86ff264994503c,"I decided to buy these based on reviews from Amazon and that it has memory wire and earbuds. I've tried other brands and they just don't fit and wraps around my ear's correctly to keep the earbuds in place. I was replacing a pair of earbuds that I got from Dell 9 years ago when I purchased a laptop. Those earbuds are the best that I've ever had and it has hard hitting bass. But when I worked outside with them, they tend to come out of the ear some (not all the way) allowing outside noise in. So earbuds that wraps around my ear is what I needed. When I first got these I put them into my ear using the default eartips that was already on them. I plugged it into my Android phone and the sound had zero bass. So I looked at my package and it said enhanced bass. So I went into my music player EQ settings and turned my bass and low's all the way up and still no bass. I was so disappointed the rest of the audio quality was great but I had no bass. So out of my curiosity I changed the eartips and the new tips that I tried actually fit my ear better and it blocked all the noise from outside and then there was bass!!! Now the bass isn't hard hitting like my old black pair that I have (I do not know the name of them) but the bass was still good. The sound quality of these earbuds are amazing and I love them. Also, when I had them in my ear, they are so light weight that I couldn't even feel them in my ear. That part I really liked because I normally wear earbuds for 4-6 hours during outside work and some earbuds will start hurting my ears after 2 hours of use. I don't think I will have a problem with these pairs as they are extremely light weight. I doubt that I will ever use the mic on it but the volume control I will use and it works great too and I can push the small button and it will pause my music playing. I just hope that these earbuds will last me a couple of years. I also like how it comes in many different colors and I had a hard time choosing which color that I wanted. I may end up buying 1-2 pairs in different color. Right now I own the blue color and its nice. The only tips that I can give to people about these headphones is that if you're having trouble with your sound quality, then change out the earbuds tips as this fixed my problem and then play around with your EQ as it can change the sound quality. ----------New Update----------- After owning these for 1 month now I lowered my score rating because of a few problems that I ran into. 1. Memory wire doesn't work that great. It does wrap round the back up my ear but it sticks up at an angle no matter how much I bend the memory wire. 2. The earbuds does fall out of my ear if I begin to sweat to much. 3. The switch button doesn't always work when I'm playing music. Sometimes it will allow me to pause my music and sometimes it doesn't do anything when I press the button. Even with those problems I still find its the best pair of earbuds that I've bought other than the pair that came with my Dell laptop 9 years ago which I still have and still works like new. -----------------------New Update------------------ I bought another pair which works very well for me. My girlfriend bought a pair too and she hates it because of how the fit in her ear and she has changed out the ear bud tips to different ones.. My mother bought a pair and they do not work as there is something wrong with the left speaker and the right speaker, the cord pull loose from the ear buds.",3.0,FIT_COMPATIBILITY,
438,b8645a3ff984ff33c15e853fbde7781e836b9645dca68447d999bc90b5ef84a0,"Most importantly is the sound, great fidelity with awesome base even when playing my guitar through a Fender amp ! No distortion & I find them very comfortable with no outside noise leaking in. WiFi works great & they charge quickly. Very good price, you could pay more but get less!",5.0,NO_COMPLAINT,
439,3e76c323731ac3562097ecffc9cad9493064bf73d7e8ba0f63438d71bfa32200,"Loved them until the left earbud stopped working after just 3 months. There is either very little or no sound coming out of the left earbud, tried to return to Amazon but they only have a 90 day warranty, trying to contact Jabra for a replacement pair.",2.0,FUNCTIONALITY,
440,725d639ab21d556cee894d9e9fe45d3f771ce14927f3360b9252e0f6da5e4361,"I’m bummed to report this because the sound is fantastic but no matter how I adjust the size of the buds or position, they keep falling out of my ears. I’m constantly adjusting them. They are going back. Adorable design and color, though!",2.0,FIT_COMPATIBILITY,
441,747c607dc005b613a7f8aa6fb89f2ec4f457c4ef8a8a2c79ba8ecffcaa531631,"They fell apart right away, my son used them for a hour and they broke. Don't waste your time with these.",1.0,BUILD_QUALITY,
442,2d38cbbc4589f6a2ab07401d89f52cd0bc5cd4510bf32a9c170daf7d993e702e,"When considering buying a pair of these--I did what most others probably do and look at comments on Amazon. And as I have no other earbuds to compare these to--I'll just say this! AWESOME and the reviews were right on! Fit is very comfortable--and it comes with many different earbud sizes but did not have to use those. May experiment in the future. Bought these mainly for walking the dog outside but works great with my phone--calling and receiving, great with my I-pad listening to YouTube videos, and music from both. I put this pair through the test as I listen to a variety of music from Grunge metal to Jazz to Country to Hip-hop to Rap to Classical, etc. The sound from these earbuds was flawless. All highs and lows and meds were great as far as I can tell. Charging was fast--about 1.5 hours as described. Pairing was easy with I-phone and I-pad. Haven't tried outside yet with sweat and rain but expecting good results as advertised. An extended battery life of about 12 to 18 hours on one charge would make these absolutely perfect. I travel in my job so I will use these all day then exercise when I get home. If used all day, however--the battery will most likely die before I get to exercise which means I have to charge an hour or so to get my exercise time in. Are you listening BluPhonic??? I still give these 5 stars for the sound quality and great fit.",5.0,NO_COMPLAINT,
443,9cd94dffe82aca94645088bce53cd6687d2d05c0873672fed23cf736d259e949,"I am SO frustrated with these headphones. We have had 3 pairs that have all had the same issue. One of the sides will stop working. I gave it the benefit of the doubt the first 2 times because I know my son is not always the most gentle with his things, and the second pair lasted 7 months. However when I ordered a new pair to replace these, they came out of the box not working- same problem. Only one said was working. I love the design and the size, but will not be buying these again.",1.0,FUNCTIONALITY,
444,524f65a120fdfe64786d17a353e9aeacb6c2a2e6431d3c8e618dc81d8d462405,"There are no instructions for set up and use, apart from a few meaningless diagrams.",3.0,USABILITY_SETUP,
445,2b9598bfa82754a9297239de15f606eb1cef6fd4040c903948dc51b38f8a9495,I received my headphones #AILIHENI60 this weekend. I am very pleased with the quality. I have two boys in my family. Both of them hace used the headphones. They are adjustable and fit perfectly. The sound quality is great and the color is amazing. The headphones pack great because the are FOLDABLE!,5.0,NO_COMPLAINT,
446,247bc4e52d30c76320bb3802694a7788555da09fe56b2f87ab2f3f798fa84d37,"These earbuds have great sound quality. This is my second pair of wireless earbuds and I absolutely love them. So easy to operate, fit my ear very well, and all for a reasonable price. I like that either the left or right bud can be used alone. I would definitely recommend this product.",5.0,NO_COMPLAINT,
447,eff5410468cd8c6d3021308f4004f11cc6bd99e0f87053617d324ea63f94a427,"Worked great for a year. The controls were good, sound was good and the cord was long. However it stopped working. I don't know own how to call Sony support even if it were covered under warranty. If anyone knows, please reply with contact info.",2.0,FUNCTIONALITY,
448,7d283d23c2a6fd5f14a47724fedf5ed7e7fc2e4485ac0183f6cdee7abb6d5dd5,"Good earbuds; whether they are worth $23 is debatable Initial thoughts - Strange packaging...not bad, just odd. Build quality feels good for the price. Cable is rubbery and a bit too springy. Comes with a hard case and soft pouch, two rubber bracelets (why?), a cheap-o shirt clip, and several smashed foam covers Sound - Sound is balanced. Not too bright or fatiguing, not much on the low end, which is to be expected with earbuds. No isolation. Detailed. Soundstage and instrument separation are very good Fit - Much more comfortable than IEMS or plastic EarPods. A little big for my ears. I would not be able to run in them as they fall out too easily. The shirt clip helps but I'd have to push them back in my ears constantly Pros: Well-made, aesthetically pleasing, surprisingly good sound for ~$20 Cons: buds are a little large and fall out easily, no inline controls or mic, nothing really stands out as exceptionally great. VE Monk may be a better buy for less money Overall - Not overwhelmed or underwhelmed. I will continue using these. Would have no problem switching to them after my ears were sore from EarPods. At ~$20, I'd probably look at other options if i lost or broke them.",4.0,FIT_COMPATIBILITY,
449,a3d293285580aadec05ea9d65bc19be81110f43b7ba04383f75610dcd6cc8d93,I bought this product as a gift for my nefew who is a DJ. A $349.00 present that arrived broken. Problem is my nefew lives overseas. Very disappointed!,1.0,SHIPPING,
450,2dfb3d33a17ffe8ff211ca7b3f903fb5acf8b2aebb8ccc800ba87aeb36a796fd,"I use these for writing, recording, and mixing music. These sound great, and have truly helped my mixes even in my scoring software. They do have bluetooth wireless capability if you want to purchase an the attachment. My biggest complaint is that the ear cups are slightly too small to completely accept my ears into them. This leads to sore ears after using them a while. Even though the bluetooth comes through an accessory I must say here as well there are these weird pops when I use it. I have 2 of the bluetooth attachments, and they both do it. It doesn't bother me for writing, but for mixing the pops have to go. Overall if you need some studio headphones these are a great option for the price.",4.0,FIT_COMPATIBILITY,
451,f2f1a3d4982da64c9745ba6f7595be56eb600ffda6b02b6a6afd163eed5cf89e,Picture quality??? Sound quality is good,5.0,NO_COMPLAINT,
452,fa3ee2a42f5e3dfb4cb7d5e65261ff3308463749b45acc7d7d481cf40f0ec9ee,"This set of ear buds is priced at a premium. Packaging is over the top and the product appears to be of good quality. Warranty is great - 1 year. However after less than 6 months of gentle use, one speaker stopped working. I have contacted the manufacturer to request repair or replacement. We'll see how they do.",4.0,FUNCTIONALITY,
453,a15e39b59a8b41f4308624f303f5a4b336dd7e245fd6e2837d5c36396ccd0578,"I purchase these earphones Aug 2021 and they stopped receiving calls Dec 2021. I could still hear audio (music, video, etc) but not sound. I contacted TOZO for support by email and they suggested I reset them. I thought this was just unpairing and repairing them again. I WAS GIVEN NO INSTRUCTIONS ON HOW TO RESET - in the information sent with the earphone or email. Regretting I could not return them, I turned the earphones over and found a little hole. I stuck a pin in them for a few seconds and they flashed blue and red. I tried pairing them again and they worked! How about some better instructions in the documentation and website!",4.0,USABILITY_SETUP,
454,e244a66464ffd3752c3d74bf4bb92f1fd6df145e5b69e19b678017b1834de87d,"The sound, fit, and bass are amazing. I tried 4 different brands prior to choosing these. I wish I would have bought these to begin with. Well worth every dollar!",5.0,NO_COMPLAINT,
455,05b6625c04e9da963844bcc05ae9a918a6de873b1970b4f1d24022576babda70,Primarily bought these for working out and to use for short hikes. Great sound but nothing spectacular. Can sometimes feel a bit tight around the neck when putting it on at first but after a few minutes you'll forget about it. On occasion the sound may dip out due to a loss with the Bluetooth connection but that rarely happens. Overall very pleased with this device so far. Keep in mind I only use these about twice a week so not certain how they would hold up with daily usage.,4.0,NO_COMPLAINT,
456,9554c67a9d37b0f1b3f04e290906abc4ed70ebe364ac62b9628c5114323c9e8c,So I ordered these due to another pair giving out after just a week. Sadly I didn't even get to try them as they arrived broken!!!,1.0,SHIPPING,
457,a57e54da4d7789e76df51794248adf15a1419cc821684aac254f24eb0e507bce,"I had some version of these in my cart for almost a year before I finally bought a pair. I wish I had done it earlier; for the price, these are delightful. Pros: Surprising sound quality--obviously these aren't going to be an audiophile's choice, but I'm a little picky, and these aren't tinny or scratchy. Comfort--soft, not too tight, and I generally fall asleep wearing them, even though I'm a side-sleeper. I have used them much more often than I thought I would. Privacy--If you plan to share a bed (or airplane row, or whatever) with someone, there's no sound leakage that I can detect. Price--when I bought these, they were hovering around the 20 dollar range. Which means I can sleep in them without freaking out about losing or damaging a substantial investment. Durability--I toss and turn in my sleep; these so far stay on and undamaged despite my thrashing. Cons: Battery--these need to be charged daily. Full stop. They seem to *hold* a charge pretty well, but if you sleep in them, as I do, you're not going to get more than one night out of a charge. The only reason I gave a four rather than a five star review is that the battery seems a little weak, and the ""LOW BATTERY"" voice is a bit alarming. Hair--I pull this over my head and then push it back up, like a hairband. If you wear it as some of the pictures show, you're gonna get some weird bedhead. But if you shower in the morning, who cares? These do exactly what I hoped they would, but they do it a little better than I thought they would. At this price point, I'd say get 'em.",4.0,FIT_COMPATIBILITY,
458,58feab21e391a36a35fc70fd6aa9ddf77cd013734492d7fb9a09fb96f53ddca5,"I was looking forward to buying this headset to pair with my new 3rd Gen Apple i-touch and a Samsung cellphone. Although it is true that all of the button functions do not work with the i-touch (Apple's fault, not Sennheiser's), the setup for pairing was extremely easy and the unit works great for both streaming of music and phone calls. I have gotten great sound quality and very good range, up to about 15-20 feet. The play/pause button functions work, as does the volume up/down. However, you will not be able to skip forward or reverse tracks selections through the headset buttons. This is with an Apple i-touch, however this is probably not the case with other Mp3 players. The earbuds are comfortable and come with three different sizes. I have worn them for hours at a time with no comfort issues, and the entire unit itself is light and unobtrusive. You can wear it on the neckloop or as a clip-on, however the clip on is flimsy plastic and I have had a hard time actually attaching it this way to clothing. I would say that if you are looking for a good pair of wireless bluetooth headphones, you will be pleased with these.",5.0,NO_COMPLAINT,
459,c8cb79677befd9a101cab74fba51c2a57dd0b1588f73c8e25c05f4a520d16b85,"Haven't tryed yet, but no charger, and no instructions! How to pair?? I will try and see, bur have never gotten stuff without info before! And Sony? Thats why I picked it! Do I sound happy?",3.0,SHIPPING,
460,6ebc923efb65b0d4bd4d8791ef21776d366177c5758e5be3c2c41f0b6ab3d4fa,"There is nothing to “Dislike”, except, they were not free! But, for the price! Seriously, this product not only met my requirements, it exceeded all expectations! Am thourghly delighted with this purchase!",5.0,NO_COMPLAINT,
461,2a18c156066c8ca2a97eda6f953bf7872405e9d911b82af9a34c3c24513e2ce2,"I love the sound of these earphones. They have such great range and bass. They sound as good a pair of very expensive, Sony earphones w/cords that I have. The packaging was great, and the charging station is awesome. They were well worth the money in that regard. I have only two complaints which kept me from giving this product 5 stars: 1) The largest size of the included earbuds are still too small for my ears, and the buds tend to work themselves loose while I'm running and/or sweating (I am a 5'6"" woman and live in a hot and humid climate). They've fallen out of my ears a few times, and that is irritating. Luckily they have not broken. 2) I could not find directions anywhere on HOW to use the earbuds. Apparently tapping, squeezing, and putting pressure on them do different things to control your music or media that's playing on your phone and Siri, too. It appears that the physical commands for controlling these things differ from earbud to earbud, and place to place on each earbud, but for the life of me I can't figure out what does what and where I should be tapping, squeezing or putting pressure. It's super annoying trying to push my earbuds back in while I'm exercising and mistakenly causing the music to skip forward, skip backward, repeat, pause, bring up Siri, or just plain stop playing all together. This manufacturer REALLY needs to include explicit directions on these controls. Because they fall out of my ears and I still can't figure out the controls, I've started using them for just listening while I'm working at my computer or the like, and have gone back to my Sony's for exercising, even though they have a cord (which I don't like). Using them when I'm not running or biking means I can control music and my media from the phone itself, not the earbuds, and I won't cause skips/pauses/stops etc. from touching them. I wish this wasn't the case as I had bought them hoping to get rid of dangling cords for running/biking and they sound great, too.",4.0,FIT_COMPATIBILITY,
462,a49931289487d9acca661ffc461a9c181116a3b8d798789ed3258a0c1913bc1c,They sound great. The foam is a little hard though.,5.0,NO_COMPLAINT,
463,25ebb26d4c49a5cf8070f62da4d949df152f156fab2420be5e7fc6fd9cda87f2,My daughter keeps breaking the wires on her computer headphones so I wanted to get her a wireless set. These had great promise but arrived broken. The male piece that plugs into the transmitter was snapped off. My husband worked in electronics so was able to repair it fairly easily and the headphones work well enough now. I just cannot give a good review to a product that arrived in an unusable state.,2.0,SHIPPING,
464,b5ef96b1ab9766711ca58ad020a23cb2c4c5ee724751ea78be95fcb677feb84f,"They are good when they work, which isn't often. They get stuck on AM or in scan mode and there are no instructions on how to get them out of those modes. We have 3 of these and they all do it. I push buttons hundreds of times until some weird combination of buttons makes it work or I get to mad and make my children put them away.",2.0,FUNCTIONALITY,
465,1914174a631db1e4d91ff06159426181cc466572d9f898c2d4041bb341514a2c,"Fell apart shortly after being delivered. The cord attached to the microphone popped out, and now wires of different colors are hanging out.",1.0,BUILD_QUALITY,
466,b48009acb2d644cd2ae6de411a8540ccb8d44ca155a7d8abed5ea91a7f3362b8,"I honestly very impressed at the crystal clear quality noise! I finally tested the product after some time and asked the other person if they can hear me clearly without I'm speaking loudly and she said she can hear me super clear. Tested some music too it was super clear and awesome. Great product, good job seller!",5.0,NO_COMPLAINT,
467,e5a190da1ff49fbfc81aca0c99d3d067ef5e25607726661bbcdc3428cafee422,Bought this as a work out head phone. Works great! no padding to get wet. Hooks behind the ear for a hasstle free work out. Highly recommended for all my fellow gymers :),5.0,NO_COMPLAINT,
468,a095e309346f3562fdc951b0651e2b2519f2c456f97d33d1d02510ebd400a781,Hmmm,3.0,NO_COMPLAINT,
469,2d68f1eab9cf1ed25893f18ed19832d367a3680c367fa3aa3ec0b3f7a7ca693b,"Very disappointing. The battery life is too short, and I have only been successful once at pairing the right earbud. It flashes indicating that it is paired, but it is not producing any sound after several attempts But with a 2.5 hour battery life, I dont these very useful anyway. Also, no instructions come with these. There is just a youtube video that has a silly distorted voice I had to replay twice.",1.0,FUNCTIONALITY,
470,49269aaedbfeab1e351fbb02206062b15e25b6950000ed78f95e1b66aec5e1fe,"They dont fall out often, but you can tell they back out of your ear and aremt sealing very well, which makes the ANC ineffetive. This also happens super quick after putting them in, every time for me. However, the microphone for calls is fantastic.",3.0,FIT_COMPATIBILITY,
471,e70cf0c1119b6d1aa47e5bf200e5b5f28df36af43f832c3a07591ffcaf51a31e,"These sounded great, but they're too tight and push on the temples from sides. Can't imagine wearing them for more than 10 min without getting a headache.",2.0,FIT_COMPATIBILITY,
472,735930cad4c9e93f0a23c1265350feadd39ab0e6f82be93d9ccd8d64785d655d,The ear piece is too large. Does not fit well subsequently the volume always seems low.,3.0,FIT_COMPATIBILITY,
473,58a71a2f1d90c7b9d1df1848e9d5858d73bdd4fcf71963577f590f021eb0b05e,"En ninguna parte de la descripción del producto indica que no viene con el conector USB por lo cual si no lo tienes no la podrás utilizar, me siento engañado.",1.0,OTHER,
474,adffa6b44c08bfcf30e3e37b270883d870f50b9debd3b88d5b7b22c87095e06d,Love the colors and the Clarity and Length of the headsets,5.0,NO_COMPLAINT,
475,4962fb145fb32f98644598dd4012c4dd8d90d7e525bd16d0b0cf7d8727361f90,This is the second pair I received in the mail for a replacement. The company was kind enough to send a replacement but the same thing happened again!! One of them fell apart,1.0,BUILD_QUALITY,
476,2d67b65c437f57f12c44b678df62e89e6ac786aef51384f4b7b3828572999191,I have onely used a handful of times. Cant seem to get it to work with my new tv. Theres so many cords with it & no instructions.,3.0,USABILITY_SETUP,
477,942df494080b6e0b99f9fbbf45c2d3e79efaac94a4b8eb17a4b8f6bda4207143,Just as described. Excellent sound,5.0,NO_COMPLAINT,
478,f429d6a6a11ceb3f632396983f4c6bc1ff192b19110899c98ccdcaa51efdc24e,"First order arrived broken in the package- ear piece broken off. Returned them and reordered, but it arrived broken too. Very disappointed. Used these previously and they are great, but guess I will have to purchase a different brand now.",1.0,SHIPPING,
479,f964354fc6e359c7354c0d04a19c81573c6634db9b2777663f5f5cd7defb003b,"Quality is ok,sometimes they fade and then come back",4.0,FUNCTIONALITY,
480,0501e5176cdaa76261cbeb587a7e866ba7ceb6f0e92f1ca982e6a9f08a76ca89,"Arrived broken. Was able to put the ear bud back together, but ultimately wiring broke within a week or so. I was able to return then. I'm not sure if these are legit. There is a spelling error on the back of the box, which causes me to have my doubts. My son said they worked ok. Nothing special, I think they were the same as the dollar ones you can purchase. Definitely not worth the price.",1.0,SHIPPING,
481,d7d14f26c347d975e154ced361640a8cfc5b75dc8f1bab9a5b5c07f5b97202f6,Battery life isn't as great as I would like but sound quality is awesome!,5.0,NO_COMPLAINT,
482,053f897cea64b717433f600e327941ae5e7261ef244e193c935fd31605828916,Great sound. No issues there. Then they fell apart. The piece containing the in-ear diaphragm broke off the elbow structure. I kept shoving back into place and it was fine...until all signal was lost. Trash now. Bummer.,2.0,BUILD_QUALITY,
483,2fecb0235ab4fb3ed220ae259c5ead7643abb5a3a582832f30fdbfa983e89f60,"I was worried but they’re holding up great. Sounds is surprisingly great and the battery life is good. I charge them every 4 days not sure if I need to that frequently. I use them every day for an hour at a time when I walk my dogs. Holds up great with sweat, just a little tight. If I use them after the walk I end up using them max of three hours due to tightness.",5.0,NO_COMPLAINT,
484,0e977ab0c76e053c5d24bcbe28c4b544b8d2f5239761f952d032a3ca72860e29,"Loving these earbuds. They come with multiple rubber tips to match your ear. The transparency & Noise cancelling option works great, this is the first time i've tried this type of technology. Have made several voice calls & no complaints from the person i'm talking to. If i had to notate 1 minor negative is the charging cause does not support wireless charging.",5.0,NO_COMPLAINT,
485,612e3f3e1be3600175ee9696788e3ac26e82e79b4084b2c40ac74baac87fc9dc,"This product arrived broken. The back of one of the ear buds was busted. I Managed to get it back together, but it broke permanently shortly thereafter. I have owned two pairs of these in the past and was quite satisfied. The build quality on the latest pair had clearly been downgraded. Not worth the investment even at the solid price point",1.0,SHIPPING,
486,f3ed3227113e05fdd6df6251c8ac333bd6af85ee06ac48544d1d31d0b0cb2452,One ear stopped working after about 8 months. Do not buy these!!!!! They sound okay but any better than any of the other headphones I tried in this price range. I usually love Senneiser products (my ear buds lasted 5 years!) but these are a huge rip-off for this price.,1.0,FUNCTIONALITY,
487,742bace4014aee68fa05d7d95297b0b18386e03c6e0cabe2d4562372225c81a3,"1 arrived broken, no way to return it. Frustrating",1.0,SHIPPING,
488,c6119b722d37754565fe870a40964bc79833751b3d7d284127aa66abcfd751eb,The first pair broke within a week. Ordered a replacement and they arrived broken. Don't waste your time or money,1.0,SHIPPING,
489,da19bc8cf13f616b85eb1e941d6cf976d9abebd2ac2341be5f16e0d8d298e4d7,"There is one button to press, and it doesn’t seem to do anything. There are no instructions, and the voice that tells you whether your headphones are connected or not is extremely obnoxious. I am very unsatisfied as these headphones are not easy to use and only have one button to press.",2.0,USABILITY_SETUP,
490,9be8bfb4a0c7f7a5ac360344dda6c9f97daaba6fdfd69743ac0b3f41b0fe956f,"I've owned my Anker SoundsBuds earphones for about 8 months now and I've been very happy with them. I usually use them in the gym and they fit perfectly well and have nice sound quality. Recently they stopped working for some reason and I was looking to troubleshoot them but nothing seemed to work. So I wrote to the customer service, and they replaced my earphones with brand new ones within a week! I find most earphones fragile no matter what is advertised (can't handle them with too much care), you never know when something gets pulled and breaks them. These are not delicate and are fairly durable. They worked perfectly and I never had any issues with them like sound cracking intermittently or finding something went lose in the wiring, etc. And for any issues with them, they offer great customer service.",5.0,FUNCTIONALITY,
491,aafa5b12ef15a4e5a46feaadb9d37031c5d7cd1dd8bd382fc16003e65565be97,"I bought this to use with my phone, the jack is too small for any type of use to plug into a phone, a music player, the computer anything. I can't imagine what its used for.",1.0,FIT_COMPATIBILITY,
492,1484f69b3d8bd6076992b6a3e502744a3a904c9bee918e2f4c9a191fdd01f851,"I got this so I can listen to music as I fall asleep and I liked the idea of this being made with comfortable ear pads (where the sound comes out inside) instead of plastic sound boxes that other companies try to sell. I tried it one night, and it worked well in any sleeping position. However, it is not something I could keep on my head all night unless I was really knocked out. Probably cause of my big head. My main concern was that it wouldn't fit around my head. I measured my head and it was 25 inches. This product was made for max 24 inches. Though snug, it still fits. My friend has a considerably smaller head than me... and the same product fits him. Probably more comfortably. (THEY GIVE YOU TWO IN THIS DEAL). The best use for this was when I was out jogging or shopping. It works great for that, and the band itself is removable and washable. It captures my sweat and keeps my face dry. The sound pads are not completely sound proof though. Others may be able to hear you. So don't use this in, say, a library. You'll have to practice volume control if you were to use this product to sleep, and you had a significant other. As far as the wire goes.. it never tangles! Even when I sleep. And one time I left the wire accidently outside my car door and drove off... it got a few nicks, but works completely fine. The wire is quite tough in my opinion. All in all, don't have much to complain about with this. It serves it's purpose, and probably will last a long time.",4.0,FIT_COMPATIBILITY,
493,a097666d04b42cb667f51f4af1fef16d60841da7c103879e251f884f697c4f5c,Works great,5.0,NO_COMPLAINT,
494,14b449f2ae97cdb72f34db6e302b21b5c1bc554d00f4407af68f818cfbe0c645,"I purchased this to use as ear buds for my cell phone as opposed to getting blue tooth. I set the headset down on a table (not hard) and the clicker piece cracked and fell apart. I was able to tape it back. I did call Skullcandy and they offered to replace it if Amazon did not. I didn't want the hassle of having to wait for another (Prime is great about returning) so I just kept it. I did see one other concern about this same problem posted prior as well. Skullcandy is an awesome company and I understand that they discontinued this item so perhaps this may have been a contributing factor. Other than the broken piece, which I self repaired, the sound quality is great for my purposes.",3.0,BUILD_QUALITY,
495,f81964bcd89b5ff5383dbf8581a66fde365fc5b96d9b4c68ba1796ac44a868e6,"The car charger that came with the headphones just stopped working, What do I need to do?",5.0,FUNCTIONALITY,
496,fe203250c5a450cb1dc7784890c86be187df91b1761c0cffdc17baf067e7133a,"excellent sound for a low price. Very, very good.",5.0,NO_COMPLAINT,
497,25dbbc2d7ef6d2a3182a2aa71266c0eb73c6eb2c753b0a126db36d24161f9c48,"I'm new to the world of ear buds but these seem to be lacking in instructions. They came in a plastic bag with no instructions as to how to use them for best results. I find that to be less than consumer friendly. When I finally got them to work, I found the sound to be far less than I thought they would be. Oh well, live and learn.",3.0,USABILITY_SETUP,
498,f263499d1bad6fc5a5393ba674c7cee39ab036216611ee6c3e2e86765f304569,Arrived broken. Not able to return. I would not buy again.,1.0,SHIPPING,
499,438ac38148dfa76d428bf70fb53bd248c6d526810a47c45dfa95028a5e55b3ef,"Got these for my many flights. Noise cancelling is simply excellent. If combined with ear plugs I cannot imagine what would wake you up. Music and sound books sound great to me but I'm no audiofile others may differ. Because these are closed to keep out noise I get hot around my ears on longer trips and wake up with ""sweaty"" ears. Not a big deal for me but may be good to know before you buy. I do not think they feel flimsy but I have not had them long enough to say anything about their life span. On the other hand I can say this; if they serve me well for 2 years I will consider it a good purchase, as heavy travel does tend to wear down things faster than at home. One star off for the somewhat high price (even if I do not see any real competition at this price point). UPDATE: Thought I had lost these and bought the Bose QC3 in stead. So now I can compare the two main Bose models directly. Noise cancelling effect: Noise cancelling system is equally effective on both models. However, the closed design of the QC15 give them a slight advantage when it comes to sheer noise blocking (not all noises are handled by the noise cancelling system). Music: No difference to me. But as mentioned above I not an audiophile and I spend far most time listening to audio books anyway. Comfort: This is probably what people should choose after between the two. QC15 cannot escape the fact they are bulky + closed design may give you ""sweaty"" ears as mentioned above. However, I personally still prefer QC15 because my ears are quite sensitive to presure and I cannot have the QC3 mounted for a long distance flight (5 hours+) without resting my ears once in a while. Not doubt that QC3 are easier to sleep with due to less bulk if you have a custom shaped pillow (I always bring one with a special ""dip"" for the earphones). Operation: Same cord system and built-in remote iphone/ipad control. However, the battery system is distinctly different. The QC15 takes standard batteries while the QC3 relies on a special battery unit you have to charge. The special battery on the QC3 saves weight and lasts for 15 hours (also in real life use). However, the draw down is of course the need for a charger, special battery and for charging. As I do gruelling 30 hour+ flights this is an issue. Some people buy an extra battery for their QC3. Recommended if you travel a lot but it adds even more to the extra price for the QC3. Travel size/weight: In-box the size difference is too small to matter. The QC3 box is smaller, but not by much. The QC15 case is actually more neat on the inside because there are fewer parts to go around and the QC3 box design seems less well thought out. QC3 is lighter and you can feel the difference. Conclusion: Get the pair that fits your ears - I deeply regretted getting the QC3 instead and am very happy that I have my QC15 back - but YMMV and QC3 may be the better choice for others.",4.0,FIT_COMPATIBILITY,
500,284610b1866028367623165dd31f6c6e1ffb6bdea3a63d710c14f1c4f675f907,Arrived broken. The quality is not good. Once the cushion on top of the speaker comes off there is no way to put it back and the whole thing becomes useless.,1.0,SHIPPING,
